<colors>
    <!-- CONFLUENCE LITE COLORS -->
    <color name="white">FFFFFFFF</color>
    <color name="grey">FFb4b4b4</color>
    <color name="grey2">FF999999</color>
    <color name="grey3">FF505050</color>
    <color name="black">FF000000</color>
    <color name="blue">FF03d6d9</color>
    <color name="selected">FF03d6d9</color>
    <color name="orange">FF03d6d9</color>        
    <color name="RSSText">FFFFFFFF</color><!--blue-->
    <color name="RSSTitle">FF03d6d9</color><!--blue-->
    <color name="RSSHiLite">FF03d6d9</color>
</colors>
