<?xml version="1.0" encoding="UTF-8" standalone="yes"?>
<addon id="plugin.audio.moskva.fm"
       name="MOSKVA.FM"
       version="1.0.2"
       provider-name="TDW">
  <requires>
    <import addon="xbmc.python" version="2.1.0"/>
  </requires>
  <extension point="xbmc.python.pluginsource"
            library="default.py">
        <provides>audio</provides>
  </extension>
  <extension point="xbmc.addon.metadata">
    <platform>all</platform>
    <summary>MOSKVA.FM - песни на радио Москвы</summary>
    <description>Слушайте радио Москвы. На сегодня в активе проекта MOSKVA.FM 53 радиостанций Москвы!</description>
  </extension>
</addon>
