﻿<window type="window">
  <animation effect="fade" time="50">WindowOpen</animation>
  <animation effect="fade" time="50">WindowClose</animation>
  <defaultcontrol>166</defaultcontrol>
  <controls>
    <!-- main screen background ----------------------------------------------->
    <control type="image">
      <description>Main background</description>
      <posx>0</posx>
      <posy>0</posy>
      <width>1280</width>
      <height>720</height>
      <texture>backgrounds/darkblue1.png</texture>
    </control>
	<!-- version --------------------------------------------------------------->	
	<control type="label">
            <posx>1120</posx>
            <posy>4</posy>
            <width>210</width>
            <label>[COLOR=FF809AAD]Версия: [/COLOR]</label>
            <font>font10</font>
    </control>
    <control type="label" id="900">
            <posx>1180</posx>
            <posy>4</posy>
            <width>210</width>
            <font>font10</font>
            <info></info>
    </control>
	<!-- update info ----------------------------------------------------------->	
	<control type="label">
            <posx>930</posx>
            <posy>4</posy>
            <width>210</width>
            <label>[COLOR=FF809AAD]Обновление: [/COLOR]</label>
            <font>font10</font>
    </control>
    <control type="image">
			<posx>1020</posx>
			<posy>6</posy>
			<width>18</width>
			<height>18</height>
			<texture>Update_on.png</texture>
			<visible>substring(Window.Property(Update),ON)</visible>
    </control> 	
    <control type="image">
			<posx>1020</posx>
			<posy>6</posy>
			<width>18</width>
			<height>18</height>
			<texture>Update_off.png</texture>
			<visible>!substring(Window.Property(Update),ON)</visible>
    </control>
    <control type="label" id="901">
            <posx>1040</posx>
            <posy>4</posy>
            <width>60</width>
			<textcolor>FF809AAD</textcolor>
            <font>font10</font>
			<visible>substring(Window.Property(Update),ON)</visible>
            <info></info>
    </control>
    <!-- Loader bar ----------------------------------------------------------->
    <control type="multiimage">
          <posx>600</posx>
          <posy>354</posy>
          <width>256</width>
          <height>16</height>
          <imagepath>loader</imagepath>
          <timeperimage>50</timeperimage>
          <fadetime>10</fadetime>
          <pauseatend>0</pauseatend>
          <randomize>false</randomize>
          <loop>yes</loop>
          <visible>substring(Window.Property(Mode),Loader)</visible>
    </control>
    <!-- left button group (serial list) -------------------------------------->

    <control type="label">
            <posx>20</posx>
            <posy>140</posy>
            <width>210</width>
            <label>[COLOR=FF809AAD]Сериалов : [/COLOR]</label>
            <font>font12</font>
          </control>
    <control type="label" id="100">
            <posx>120</posx>
            <posy>140</posy>
            <width>210</width>
            <label>[COLOR=FF33CC00][/COLOR]</label>
            <font>font12</font>
          <visible>!substring(Window.Property(Mode),Loader)</visible>
          </control>
    <control type="image">
      <posx>10</posx>
      <posy>200</posy>
      <width>220</width>
      <height>2</height>
      <texture>backgrounds/just-line.png</texture>
    </control>  
    <!-- Exit button ---------------------------------------------------------->
    <control type="group" id="130">
      <control type="button" id="131">
          <posx>10</posx>
          <posy>650</posy>
          <width>220</width>
          <height>47</height>
          <label>Выход</label>
          <font>font12</font>
          <align>center</align>
          <onup>140</onup><onright>1000</onright><ondown>121</ondown>
          <textcolor>FF809AAD</textcolor>
          <texturefocus>buttons/button-focused.png</texturefocus>
          <texturenofocus>buttons/button-common.png</texturenofocus>
          <enable>!substring(Window.Property(Mode),Loader)+[substring(Window.Property(is_Page),true)+substring(Window.Property(Max_Page),true)]</enable>
          <visible>!substring(Window.Property(Mode),Loader)+[substring(Window.Property(is_Page),true)+substring(Window.Property(Max_Page),true)]</visible>
        </control>
        <control type="button" id="132">
          <posx>10</posx>
          <posy>650</posy>
          <width>220</width>
          <height>47</height>
          <label>Выход</label>
          <font>font12</font>
          <align>center</align>
          <onup>150</onup><onright>1000</onright><ondown>121</ondown>
          <textcolor>FF809AAD</textcolor>
          <texturefocus>buttons/button-focused.png</texturefocus>
          <texturenofocus>buttons/button-common.png</texturenofocus>
          <enable>!substring(Window.Property(Mode),Loader)+![substring(Window.Property(is_Page),true)+substring(Window.Property(Max_Page),true)]</enable>
          <visible>!substring(Window.Property(Mode),Loader)+![substring(Window.Property(is_Page),true)+substring(Window.Property(Max_Page),true)]</visible>
       </control>
      </control>
      <!-- Filter ------------------------------------------------------------->
      <control type="group" id="120">
          <description>Filtre for genre/country</description>
          <posx>20</posx>
          <posy>220</posy>
          <width>210</width>
          <height>63</height>
          <control type="label">
            <posx>0</posx>
            <posy>0</posy>
            <width>210</width>
            <label>[COLOR=FF809AAD]Фильтр[/COLOR]</label>
            <font>font12</font>
          </control>
          <control type="button" id="121">
      <posx>0</posx>
      <posy>33</posy>
      <width>210</width>
      <height>30</height>
      <label>Все жанры</label>
      <font>font12</font>
      <onup>130</onup><ondown>122</ondown><onright>200</onright>
      <texturenofocus border="5,5,5,5">buttons/button-common.png</texturenofocus>
      <texturefocus border="5,5,5,5">buttons/button-focused.png</texturefocus>
      <textcolor>FFFFFFFF</textcolor>
      <enable>substring(Window.Property(Mode),Serial)</enable>
    </control>
  <control type="button" id="122">
      <posx>0</posx>
      <posy>66</posy>
      <width>210</width>
      <height>30</height>
      <label>Все страны</label>
      <font>font12</font>
      <onup>121</onup><ondown>123</ondown><onright>200</onright>
      <texturenofocus border="5,5,5,5">buttons/button-common.png</texturenofocus>
      <texturefocus border="5,5,5,5">buttons/button-focused.png</texturefocus>
      <textcolor>FFFFFFFF</textcolor>
      <enable>substring(Window.Property(Mode),Serial)</enable>
    </control>
    <control type="button" id="123">
        <posx>0</posx>
        <posy>99</posy>
        <width>210</width>
        <height>30</height>
        <label>Все рубрики</label>
        <font>font12</font>
        <onup>122</onup><ondown>150</ondown><onright>200</onright>
        <texturenofocus border="5,5,5,5">buttons/button-common.png</texturenofocus>
        <texturefocus border="5,5,5,5">buttons/button-focused.png</texturefocus>
        <textcolor>FFFFFFFF</textcolor>
        <enable>substring(Window.Property(Mode),Serial)</enable>
      </control>
    </control>
    <!-- Search ------------------------------------------------------------->
    <control type="group" id="150">
          <description>Search by name</description>
          <posx>20</posx>
          <posy>369</posy>
          <width>210</width>
          <height>63</height>
          <control type="label">
            <posx>0</posx>
            <posy>0</posy>
            <width>210</width>
            <label>[COLOR=FF809AAD]Поиск[/COLOR]</label>
            <font>font12</font>
          </control>
          <control type="button" id="151">
            <posx>0</posx>
            <posy>33</posy>
            <width>210</width>
            <height>30</height>
            <label>...</label>
            <font>font12</font>
            <onup>123</onup><ondown>140</ondown><onright>200</onright>
            <texturenofocus border="5,5,5,5">buttons/button-common.png</texturenofocus>
            <texturefocus border="5,5,5,5">buttons/button-focused.png</texturefocus>
            <textcolor>FFFFFFFF</textcolor>
            <enable>substring(Window.Property(Mode),Serial)</enable>
          </control>
    </control>
  <!-- Page control ----------------------------------------------------------->
  <control type="group" id="140">
    <description>Page control</description>
    <posx>20</posx>
    <posy>453</posy>
    <width>210</width>
    <height>70</height>
    <visible>substring(Window.Property(is_Page),true)+substring(Window.Property(Max_Page),true)</visible>
    <enable>substring(Window.Property(Mode),Serial)</enable>
    <control type="label">
      <posx>0</posx>
      <posy>0</posy>
      <width>210</width>
      <label>[COLOR=FF809AAD]Страница[/COLOR]</label>
      <font>font12</font>
    </control>

    <control type="button" id="141">
      <posx>0</posx>
      <posy>33</posy>
      <width>30</width>
      <height>30</height>
      <label></label>
      <font>font12</font>
      <texturenofocus border="5,5,5,5">buttons/button-common.png</texturenofocus>
      <texturefocus border="5,5,5,5">buttons/button-focused.png</texturefocus>
      <textcolor>FFFFFFFF</textcolor>
      <onup>150</onup><ondown>130</ondown><onright>144</onright>
      <enable>!substring(Window.Property(Page),First)</enable>
    </control>
    <control type="button" id="144">
      <posx>35</posx>
      <posy>33</posy>
      <width>30</width>
      <height>30</height>
      <label></label>
      <font>font12</font>
      <texturenofocus border="5,5,5,5">buttons/button-common.png</texturenofocus>
      <texturefocus border="5,5,5,5">buttons/button-focused.png</texturefocus>
      <textcolor>FFFFFFFF</textcolor>
      <onup>150</onup><ondown>130</ondown><onright>145</onright><onleft>141</onleft>
      <enable>!substring(Window.Property(Page),First)</enable>
    </control>

    <control type="label" id="143">
      <posx>68</posx>
      <posy>35</posy>
      <width>80</width>
      <label>[COLOR=FF33CC00][/COLOR]</label>
      <font>font12</font>
      <align>center</align>
      <visible>!substring(Window.Property(Mode),Loader)</visible>
    </control>

    <control type="button" id="145">
      <posx>147</posx>
      <posy>33</posy>
      <width>30</width>
      <height>30</height>
      <label></label>
      <font>font12</font>
      <texturenofocus border="5,5,5,5">buttons/button-common.png</texturenofocus>
      <texturefocus border="5,5,5,5">buttons/button-focused.png</texturefocus>
      <textcolor>FFFFFFFF</textcolor>
      <onup>150</onup><ondown>130</ondown><onright>142</onright><onleft>144</onleft>
      <enable>!substring(Window.Property(Page),Last)</enable>
    </control>
    <control type="button" id="142">
      <posx>180</posx>
      <posy>33</posy>
      <width>30</width>
      <height>30</height>
      <label></label>
      <font>font12</font>
      <texturenofocus border="5,5,5,5">buttons/button-common.png</texturenofocus>
      <texturefocus border="5,5,5,5">buttons/button-focused.png</texturefocus>
      <textcolor>FFFFFFFF</textcolor>
      <onup>150</onup><ondown>130</ondown><onleft>145</onleft><onright>1000</onright>
      <enable>!substring(Window.Property(Page),Last)</enable>
    </control>

  </control>

  <control type="group" id="1000">
  <!-- Main Screen: Serial List ----------------------------------------------->
  <control type="group" id="200">
        <description>Список сериалов</description>
        <posx>760</posx>
        <posy>40</posy>
        <width>490</width>
        <height>660</height>
        <visible>substring(Window.Property(Mode),Serial)</visible>
        <control type="list" id="201">
      <posx>0</posx>
      <posy>0</posy>
      <width>470</width>
      <height>660</height>
      <pagecontrol>202</pagecontrol>
      <onleft>130</onleft>
      <onright>210</onright>
      <onfocus/>
      <scrolltime tween="sine" easing="out">200</scrolltime>
      <visible>true</visible>
      <orientation>vertical</orientation>
      <itemlayout width="470" height="132">
        <control type="image">
          <posx>0</posx>
          <posy>0</posy>
          <width>467</width>
          <height>129</height>
          <texture border="5,5,5,5">list/item-common.png</texture>
        </control>
      <control type="image">
          <posx>10</posx>
          <posy>10</posy>
          <width>166</width>
          <height>109</height>
          <info>ListItem.Thumb</info>
          <aspectratio>scale</aspectratio>
        </control>
        <control type="image">
      <posx>10</posx>
      <posy>10</posy>
      <width>166</width>
      <height>109</height>
      <texture>imageframe/imageframe-common.png</texture>
      <visible/>
    </control>
  <control type="label">
          <posx>186</posx>
          <posy>7</posy>
          <width>271</width>
          <height>30</height>
          <font>font14</font>
          <info>ListItem.Label</info>
        </control>
        <control type="label">
          <posx>186</posx>
          <posy>40</posy>
          <width>271</width>
          <height>85</height>
          <font>font12</font>
          <info>ListItem.Label2</info>
          <scroll>false</scroll>
        </control>
        <control type="image">
          <posx>25r</posx>
          <posy>46r</posy>
          <width>20</width>
          <height>20</height>
          <texture>icons/icon-queue.png</texture>
          <visible>substring(ListItem.Property(in_queue),True)</visible>
        </control>
        <control type="image">
          <posx>25r</posx>
          <posy>25r</posy>
          <width>20</width>
          <height>20</height>
          <texture>icons/icon-watched.png</texture>
          <visible>substring(ListItem.Property(watched),True)</visible>
        </control>
        <control type="image">
          <posx>25r</posx>
          <posy>25r</posy>
          <width>20</width>
          <height>20</height>
          <texture>icons/icon-watch_started.png</texture>
          <visible>substring(ListItem.Property(watch_started),True)</visible>
        </control>
      </itemlayout>
      <focusedlayout width="470" height="132">
        <control type="image">
          <posx>0</posx>
          <posy>0</posy>
          <width>467</width>
          <height>129</height>
          <visible>Control.HasFocus(201)</visible>
          <texture border="5,5,5,5">list/item-focused.png</texture>
        </control>
        <control type="image">
          <posx>0</posx>
          <posy>0</posy>
          <width>467</width>
          <height>129</height>
          <visible>!Control.HasFocus(201)</visible>
          <texture border="5,5,5,5">list/item-passive.png</texture>
        </control>
      <control type="image">
          <posx>10</posx>
          <posy>10</posy>
          <width>166</width>
          <height>109</height>
          <info>ListItem.Thumb</info>
          <aspectratio>scale</aspectratio>
        </control>
        <control type="image">
      <posx>10</posx>
      <posy>10</posy>
      <width>166</width>
      <height>109</height>
      <texture>imageframe/imageframe-passive.png</texture>
      <visible>!Control.HasFocus(201)</visible>
    </control>
  <control type="image">
      <posx>10</posx>
      <posy>10</posy>
      <width>166</width>
      <height>109</height>
      <texture>imageframe/imageframe-focused.png</texture>
      <visible>Control.HasFocus(201)</visible>
    </control>
  <control type="label">
          <posx>186</posx>
          <posy>7</posy>
          <width>271</width>
          <height>30</height>
          <font>font14</font>
          <info>ListItem.Label</info>
        </control>
        <control type="label">
          <posx>186</posx>
          <posy>40</posy>
          <width>271</width>
          <height>85</height>
          <font>font12</font>
          <info>ListItem.Label2</info>
          <scroll>false</scroll>
        </control>
        <control type="image">
          <posx>25r</posx>
          <posy>46r</posy>
          <width>20</width>
          <height>20</height>
          <texture>icons/icon-queue.png</texture>
          <visible>substring(ListItem.Property(in_queue),True)</visible>
        </control>
        <control type="image">
          <posx>25r</posx>
          <posy>25r</posy>
          <width>20</width>
          <height>20</height>
          <texture>icons/icon-watched.png</texture>
          <visible>substring(ListItem.Property(watched),True)</visible>
        </control>
        <control type="image">
          <posx>25r</posx>
          <posy>25r</posy>
          <width>20</width>
          <height>20</height>
          <texture>icons/icon-watch_started.png</texture>
          <visible>substring(ListItem.Property(watch_started),True)</visible>
        </control>
      </focusedlayout>
    </control>
  <control type="scrollbar" id="202">
      <posx>470</posx>
      <posy>0</posy>
      <width>20</width>
      <height>657</height>
      <visible>true</visible>
      <texturesliderbackground border="5,5,5,5">scrollbar/scroll-background.png</texturesliderbackground>
      <texturesliderbar border="5,5,5,5">scrollbar/scrollbar-common.png</texturesliderbar>
      <texturesliderbarfocus border="5,5,5,5">scrollbar/scrollbar-focused.png</texturesliderbarfocus>
      <pulseonselect/>
      <orientation>vertical</orientation>
      <onright>130</onright>
      <onleft>201</onleft>
    </control>
  </control>

   <control type="group">
    <description>...</description>
    <posx>260</posx>
    <posy>60</posy>
    <width>500</width>
    <height>600</height>
    <visible>substring(Window.Property(Mode),Serial)</visible>
      <control type="image" id="212">
        <posx>200</posx>
        <posy>0</posy>
        <width>300</width>
        <height>280</height>
        <info>Container(201).ListItem.Thumb</info>
        <aspectratio>keep</aspectratio>
      </control>
      <control type="label" id="213">
        <posx>0</posx>
        <posy>310</posy>
        <width>490</width>
        <height>40</height>
        <label>[B]$INFO[Container(201).ListItem.Label][/B]</label>
        <font>font14</font>
        <scroll>true</scroll>
      </control>
      <control type="textbox" id="214">
        <posx>0</posx>
        <posy>360</posy>
        <width>490</width>
        <height>240</height>
        <label>$INFO[Container(201).ListItem.Plot]</label>
        <font>font12</font>
        <autoscroll delay="3000" time="1000" repeat="10000">substring(Window.Property(Mode),Serial)</autoscroll>
      </control>
  </control>

  <!-- Main Screen: Season List ----------------------------------------------->
  <control type="group" id="300">
        <description>Список сезонов</description>
        <posx>760</posx>
        <posy>40</posy>
        <width>490</width>
        <height>660</height>
        <visible>substring(Window.Property(Mode),Season)</visible>
        <control type="list" id="301">
      <posx>0</posx>
      <posy>0</posy>
      <width>470</width>
      <height>660</height>
      <pagecontrol>302</pagecontrol>
      <onleft>130</onleft>
      <onright>310</onright>
      <onfocus/>
      <scrolltime tween="sine" easing="out">200</scrolltime>
      <visible>true</visible>
      <orientation>vertical</orientation>
      <itemlayout width="470" height="132">
        <control type="image">
          <posx>0</posx>
          <posy>0</posy>
          <width>467</width>
          <height>129</height>
          <texture border="5,5,5,5">list/item-common.png</texture>
        </control>
      <control type="image">
          <posx>10</posx>
          <posy>10</posy>
          <width>166</width>
          <height>109</height>
          <info>ListItem.Thumb</info>
          <aspectratio>scale</aspectratio>
        </control>
        <control type="image">
      <posx>10</posx>
      <posy>10</posy>
      <width>166</width>
      <height>109</height>
      <texture>imageframe/imageframe-common.png</texture>
      <visible/>
    </control>
  <control type="label">
          <posx>186</posx>
          <posy>7</posy>
          <width>271</width>
          <height>30</height>
          <font>font14</font>
          <info>ListItem.Label</info>
        </control>
        <control type="label">
          <posx>186</posx>
          <posy>40</posy>
          <width>271</width>
          <height>85</height>
          <font>font12</font>
          <info>ListItem.Label2</info>
          <scroll>false</scroll>
        </control>
        <control type="image">
          <posx>25r</posx>
          <posy>46r</posy>
          <width>20</width>
          <height>20</height>
          <texture>icons/icon-queue.png</texture>
          <visible>substring(ListItem.Property(in_queue),True)</visible>
        </control>
        <control type="image">
          <posx>25r</posx>
          <posy>25r</posy>
          <width>20</width>
          <height>20</height>
          <texture>icons/icon-watched.png</texture>
          <visible>substring(ListItem.Property(watched),True)</visible>
        </control>
        <control type="image">
          <posx>25r</posx>
          <posy>25r</posy>
          <width>20</width>
          <height>20</height>
          <texture>icons/icon-watch_started.png</texture>
          <visible>substring(ListItem.Property(watch_started),True)</visible>
        </control>
      </itemlayout>
      <focusedlayout width="470" height="132">
        <control type="image">
          <posx>0</posx>
          <posy>0</posy>
          <width>467</width>
          <height>129</height>
          <visible>Control.HasFocus(301)</visible>
          <texture border="5,5,5,5">list/item-focused.png</texture>
        </control>
        <control type="image">
          <posx>0</posx>
          <posy>0</posy>
          <width>467</width>
          <height>129</height>
          <visible>!Control.HasFocus(301)</visible>
          <texture border="5,5,5,5">list/item-passive.png</texture>
        </control>
      <control type="image">
          <posx>10</posx>
          <posy>10</posy>
          <width>166</width>
          <height>109</height>
          <info>ListItem.Thumb</info>
          <aspectratio>scale</aspectratio>
        </control>
        <control type="image">
      <posx>10</posx>
      <posy>10</posy>
      <width>166</width>
      <height>109</height>
      <texture>imageframe/imageframe-passive.png</texture>
      <visible>!Control.HasFocus(301)</visible>
    </control>
  <control type="image">
      <posx>10</posx>
      <posy>10</posy>
      <width>166</width>
      <height>109</height>
      <texture>imageframe/imageframe-focused.png</texture>
      <visible>Control.HasFocus(301)</visible>
    </control>
  <control type="label">
          <posx>186</posx>
          <posy>7</posy>
          <width>271</width>
          <height>30</height>
          <font>font14</font>
          <info>ListItem.Label</info>
        </control>
        <control type="label">
          <posx>186</posx>
          <posy>40</posy>
          <width>271</width>
          <height>85</height>
          <font>font12</font>
          <info>ListItem.Label2</info>
          <scroll>false</scroll>
        </control>
        <control type="image">
          <posx>25r</posx>
          <posy>46r</posy>
          <width>20</width>
          <height>20</height>
          <texture>icons/icon-queue.png</texture>
          <visible>substring(ListItem.Property(in_queue),True)</visible>
        </control>
        <control type="image">
          <posx>25r</posx>
          <posy>25r</posy>
          <width>20</width>
          <height>20</height>
          <texture>icons/icon-watched.png</texture>
          <visible>substring(ListItem.Property(watched),True)</visible>
        </control>
        <control type="image">
          <posx>25r</posx>
          <posy>25r</posy>
          <width>20</width>
          <height>20</height>
          <texture>icons/icon-watch_started.png</texture>
          <visible>substring(ListItem.Property(watch_started),True)</visible>
        </control>
      </focusedlayout>
    </control>
  <control type="scrollbar" id="302">
      <posx>470</posx>
      <posy>0</posy>
      <width>20</width>
      <height>657</height>
      <visible>true</visible>
      <texturesliderbackground border="5,5,5,5">scrollbar/scroll-background.png</texturesliderbackground>
      <texturesliderbar border="5,5,5,5">scrollbar/scrollbar-common.png</texturesliderbar>
      <texturesliderbarfocus border="5,5,5,5">scrollbar/scrollbar-focused.png</texturesliderbarfocus>
      <pulseonselect/>
      <orientation>vertical</orientation>
      <onright>130</onright>
      <onleft>301</onleft>
    </control>
  </control>

   <control type="group">
    <description>...</description>
    <posx>260</posx>
    <posy>60</posy>
    <width>500</width>
    <height>600</height>
    <visible>substring(Window.Property(Mode),Season)</visible>
      <control type="image" id="312">
        <posx>200</posx>
        <posy>0</posy>
        <width>300</width>
        <height>280</height>
        <info>Container(301).ListItem.Thumb</info>
        <aspectratio>keep</aspectratio>
      </control>
       <control type="label" id="313">
        <posx>0</posx>
        <posy>310</posy>
        <width>490</width>
        <height>40</height>
        <label>[B]$INFO[Container(301).ListItem.Label][/B]</label>
        <font>font14</font>
        <scroll>true</scroll>
      </control>
      <control type="textbox" id="314">
        <posx>0</posx>
        <posy>360</posy>
        <width>490</width>
        <height>240</height>
        <label>$INFO[Container(301).ListItem.Plot]</label>
        <font>font12</font>
        <autoscroll delay="3000" time="1000" repeat="10000">substring(Window.Property(Mode),Season)</autoscroll>
      </control>
  </control>

  <!-- Main Screen: Movie List ----------------------------------------------->
  <control type="group" id="400">
        <description>Список сезонов</description>
        <posx>760</posx>
        <posy>40</posy>
        <width>490</width>
        <height>660</height>
        <visible>substring(Window.Property(Mode),Movie)</visible>
        <control type="list" id="401">
      <posx>0</posx>
      <posy>0</posy>
      <width>470</width>
      <height>660</height>
      <pagecontrol>402</pagecontrol>
      <onleft>130</onleft>
      <onright>410</onright>
      <onfocus/>
      <scrolltime tween="sine" easing="out">200</scrolltime>
      <visible>true</visible>
      <orientation>vertical</orientation>
      <itemlayout width="470" height="53">
        <control type="image">
          <posx>0</posx>
          <posy>0</posy>
          <width>467</width>
          <height>50</height>
          <texture border="5,5,5,5">list/item-common.png</texture>
        </control>
        <control type="label">
          <posx>10</posx>
          <posy>7</posy>
          <width>427</width>
          <height>30</height>
          <font>font14</font>
          <info>ListItem.Label</info>
        </control>
        <control type="image">
          <posx>25r</posx>
          <posy>46r</posy>
          <width>20</width>
          <height>20</height>
          <texture>icons/icon-queue.png</texture>
          <visible>substring(ListItem.Property(in_queue),True)</visible>
        </control>
        <control type="image">
          <posx>25r</posx>
          <posy>25r</posy>
          <width>20</width>
          <height>20</height>
          <texture>icons/icon-watched.png</texture>
          <visible>substring(ListItem.Property(watched),True)</visible>
        </control>
        <control type="image">
          <posx>25r</posx>
          <posy>25r</posy>
          <width>20</width>
          <height>20</height>
          <texture>icons/icon-watch_started.png</texture>
          <visible>substring(ListItem.Property(watch_started),True)</visible>
        </control>
      </itemlayout>
      <focusedlayout width="470" height="53">
        <control type="image">
          <posx>0</posx>
          <posy>0</posy>
          <width>467</width>
          <height>50</height>
          <visible>Control.HasFocus(401)</visible>
          <texture border="5,5,5,5">list/item-focused.png</texture>
        </control>
        <control type="image">
          <posx>0</posx>
          <posy>0</posy>
          <width>467</width>
          <height>50</height>
          <visible>!Control.HasFocus(401)</visible>
          <texture border="5,5,5,5">list/item-passive.png</texture>
        </control>
        <control type="label">
          <posx>10</posx>
          <posy>7</posy>
          <width>427</width>
          <height>30</height>
          <font>font14</font>
          <info>ListItem.Label</info>
        </control>
        <control type="image">
          <posx>25r</posx>
          <posy>46r</posy>
          <width>20</width>
          <height>20</height>
          <texture>icons/icon-queue.png</texture>
          <visible>substring(ListItem.Property(in_queue),True)</visible>
        </control>
        <control type="image">
          <posx>25r</posx>
          <posy>25r</posy>
          <width>20</width>
          <height>20</height>
          <texture>icons/icon-watched.png</texture>
          <visible>substring(ListItem.Property(watched),True)</visible>
        </control>
        <control type="image">
          <posx>25r</posx>
          <posy>25r</posy>
          <width>20</width>
          <height>20</height>
          <texture>icons/icon-watch_started.png</texture>
          <visible>substring(ListItem.Property(watch_started),True)</visible>
        </control>
      </focusedlayout>
    </control>
  <control type="scrollbar" id="402">
      <posx>470</posx>
      <posy>0</posy>
      <width>20</width>
      <height>657</height>
      <visible>true</visible>
      <texturesliderbackground border="5,5,5,5">scrollbar/scroll-background.png</texturesliderbackground>
      <texturesliderbar border="5,5,5,5">scrollbar/scrollbar-common.png</texturesliderbar>
      <texturesliderbarfocus border="5,5,5,5">scrollbar/scrollbar-focused.png</texturesliderbarfocus>
      <pulseonselect/>
      <orientation>vertical</orientation>
      <onright>130</onright>
      <onleft>401</onleft>
    </control>
  </control>

   <control type="group">
    <description>...</description>
    <posx>260</posx>
    <posy>60</posy>
    <width>500</width>
    <height>600</height>
    <visible>substring(Window.Property(Mode),Movie)</visible>
      <control type="image" id="412">
        <posx>200</posx>
        <posy>0</posy>
        <width>300</width>
        <height>280</height>
        <info>Container(401).ListItem.Thumb</info>
        <aspectratio>keep</aspectratio>
      </control>
       <control type="label" id="413">
        <posx>0</posx>
        <posy>310</posy>
        <width>490</width>
        <height>40</height>
        <label></label>
        <font>font14</font>
        <scroll>true</scroll>
      </control>
      <control type="textbox" id="414">
        <posx>0</posx>
        <posy>360</posy>
        <width>490</width>
        <height>240</height>
        <label>$INFO[Container(401).ListItem.Plot]</label>
        <font>font12</font>
        <autoscroll delay="3000" time="1000" repeat="10000">substring(Window.Property(Mode),Movie)</autoscroll>
      </control>
  </control>
  </control>
  </controls>
</window>