<?xml version="1.0" encoding="UTF-8" standalone="yes"?>
<addon id="repository.ru" 
       name="XBMC.ru forum Add-ons" 
	   version="1.0.1" 
	   provider-name="bigbax">
<requires>
  <import addon="xbmc.addon" version="12.0.0"/>
</requires>	
	<extension point="xbmc.addon.repository" name="XBMC.ru forum Add-ons">
		<info compressed="false">https://github.com/xbmcrus/XBMC.ru-forum-Add-ons/raw/master/addons.xml</info>
		<checksum>https://github.com/xbmcrus/XBMC.ru-forum-Add-ons/raw/master/addons.xml.md5</checksum>
		<datadir zip="true">https://github.com/xbmcrus/XBMC.ru-forum-Add-ons/raw/master/</datadir>
	</extension>
	<extension point="xbmc.addon.metadata">
		<summary>Install Add-ons from RUS Add-on Repository</summary>
		<summary lang="ru">Установить дополнения и репозитории пользователей форума XBMC.ru</summary>
		<description>Russian plug-ins and repository installer for XBMC</description>
		<description lang="ru">Загружайте и устанавливайте плагины и репозитории разработчиков форума XBMC.ru.[CR]Если вы обнаружили нерабочее дополнение, сообщите об этом разработчикам плагина в разделе форума "Помощь по плагинам".</description>
		<disclaimer lang="en">Team XBMC did not make all the add-ons on this repository and are not responsible for their content</disclaimer>
		<disclaimer lang="ru">Разработчики XBMC не являются авторами этих дополнений и не несут ответственность за их содержимое.</disclaimer>
		<platform>all</platform>
	</extension>
</addon>