<!-- YELLOW COLOR SET BY FREAKYLINUX GUY -->
<colors>
        <!-- CONFLUENCE LITE COLORS -->
	<color name="white">FFffffff</color>
	<color name="grey">FFb4b4b4</color>
	<color name="grey2">88FFFFFF</color>
	<color name="grey3">33FFFFFF</color>
	<color name="grey4">17FFFFFF</color>
	<color name="black">FF000000</color>
	<color name="blue">FFffff00</color>
	<color name="selected">FFcccc33</color>
	<color name="dialogheader">FFccff33</color>
        <color name="orange">FFFFFF00</color>

        <!-- CONFLUENCE MOD ADVANCED COLORS -->
        <color name="MenuFocus">FFffff00</color><!--blue-->
        <color name="MenuNoFocus">FF505050</color><!--grey3-->
        <color name="SubMenu">FF999999</color><!--grey2-->
        <color name="CommonBtnFocus">ffffffff</color><!--white-->
        <color name="CommonBtnNoFocus">FF999999</color><!--grey2-->
        <color name="HomeInfoOne">ffffffff</color><!--white-->
        <color name="HomeInfoTwo">FFffff00</color><!--blue-->
        <color name="HomeInfoThree">FF999999</color><!--grey2-->
        <color name="StatsName">FFffff00</color><!--white-->
        <color name="StatsAmnt">FFFFFFFF</color><!--white-->
        <color name="RSSText">FFFFFFFF</color><!--blue-->
        <color name="RSSTitle">FFcccc33</color><!--blue-->

    <!--ADVANCED COLORS CLOCK -->
    <color name="HomeInfoDate">FFFFFFFF</color><!--white-->
    <color name="HomeInfoClock">FFFFFFFF</color><!--white-->

        <!--ADNVANCED COLORS HOME ALBUM INFO -->
        <color name="NowPlayAlbum">white</color><!--White-->
        <color name="NowPlayTitle">FFcccc33</color><!--White-->
        <color name="NowPlayTime">white</color> <!--WHITE-->
</colors>
