﻿<?xml version="1.0" encoding="UTF-8" standalone="yes"?>
<addon id="repository.myshows.me" name="MyShows.me Kodi Repo" version="1.0.7" provider-name="DiMartino">
	<extension point="xbmc.addon.repository" name="MyShows.me Kodi Repo">
		<info compressed="true">https://raw.github.com/DiMartinoX/repository.myshows.me/master/repo/addons.xml</info>
		<checksum>https://raw.github.com/DiMartinoX/repository.myshows.me/master/repo/addons.xml.md5</checksum>
		<datadir zip="true">https://raw.github.com/DiMartinoX/repository.myshows.me/master/repo/</datadir>
	</extension>
	<extension point="xbmc.addon.metadata">
		<summary>Устанавливайте дополнения из репозитория MyShows.me</summary>
		<description>Дополнения для Kodi</description>
		<disclaimer>DiMartino</disclaimer>
		<platform>all</platform>
	</extension>
</addon>