<?xml version="1.0" encoding="UTF-8" standalone="yes"?>
<addon id="plugin.video.ulitka.tv" name="Сериалы онлайн на Улитке" version="2.0.3" provider-name="Admin Ulitka.TV [admin@ulitka.tv]">
  <requires><import addon="xbmc.python" version="2.1.0"/></requires>
  <extension point="xbmc.python.pluginsource" provides="video" library="default.py"><provides>video</provides></extension>
  <extension point="xbmc.addon.metadata">
    <summary>Мы наполнили сайт Ulitka.TV самыми популярными сериалами.</summary>
    <description>Смотреть сериалы по телевизору неудобно, время показа не подстроить под каждого, а тут еще эта реклама каждые пять минут... Тогда многие стали скачивать сериалы. Это избавило от некоторых минусов, но принесло свои неудобства. А почему бы не объединить все плюсы этих способов, отбросив минусы?
Представляем вам сайт Ulitka.TV! Здесь вы можете смотреть сериалы онлайн в любое для вас удобное время!
Ни у всех и ни везде быстрый интернет, поэтому мы долго подбирали качество кодирования видео. И теперь вам не нужна очень большая скорость интернета для онлайн просмотра сериалов. Трафик расходуется очень рационально. При этом качество изображения и звука остается отличным!</description>
    <platform>all</platform>
  </extension>
</addon>
