<?xml version="1.0" encoding="utf-8" standalone="yes"?>
<addon id="plugin.video.kino-v-online.tv"
       name="[COLOR=FFCB00FF]kino-v[/COLOR][COLOR=FFFFF000]-online.tv[/COLOR]"
       version="0.0.4"
       provider-name="Nesterov Alexandr">
  <requires>
    <import addon="xbmc.python" version="2.1.0"/>
  </requires>
  <extension point="xbmc.python.pluginsource" provides="video" library="addon.py">
    <provides>video</provides>
  </extension>
  <extension point="xbmc.addon.metadata">
    <summary>kino-v-online.tv</summary>
    <description>
        Плагин для просмoтра фильмов с kino-v-online.tv
    </description>
    <source>https://github.com/alex19pov31/plugin.video.kino-v-online.tv.git</source>
    <email>alex19pov31@gmail.com</email>
    <platform>all</platform>
  </extension>
</addon>