<?xml version="1.0" encoding="utf-8"?>
<window type="dialog" id="2119">
	<defaultcontrol always="true">450</defaultcontrol>
	<coordinates>
		<system>1</system>
		<left>0</left>
		<top>0</top>
	</coordinates>
	<controls>
		<control type="group">
			<animation effect="slide" start="400,0" end="0,0" time="400" tween="quadratic" easing="out">WindowOpen</animation>
			<animation effect="slide" start="0,0" end="400,0" time="400" tween="quadratic" easing="out">WindowClose</animation>
			<control type="image">
				<left>400r</left>
				<top>0</top>
				<width>405</width>
				<height>720</height>
				<texture border="15,0,0,0" flipx="true">MediaBladeSub.png</texture>
			</control>
			<control type="button">
				<description>Close Window button</description>
				<left>380r</left>
				<top>0</top>
				<width>64</width>
				<height>32</height>
				<onclick>PreviousMenu</onclick>
				<texturefocus>DialogCloseButton-focus.png</texturefocus>
				<texturenofocus>DialogCloseButton.png</texturenofocus>
				<onleft>450</onleft>
				<onright>450</onright>
				<onup>450</onup>
				<ondown>450</ondown>
				<visible>system.getbool(input.enablemouse)</visible>
			</control>
			<control type="label">
				<left>380r</left>
				<top>35</top>
				<width>360</width>
				<height>40</height>
				<font>font13_title</font>
				<align>center</align>
				<aligny>center</aligny>
				<textcolor>blue</textcolor>
				<shadowcolor>black</shadowcolor>
				<label>$LOCALIZE[89700]</label>
			</control>
			<control type="list" id="450">
				<left>390r</left>
				<top>100</top>
				<width>440</width>
				<height>550</height>
				<onup>450</onup>
				<onleft>Dialog.Close(2119)</onleft>
				<onright>60</onright>
				<ondown>450</ondown>
				<pagecontrol>60</pagecontrol>
				<scrolltime>200</scrolltime>
				<itemlayout height="45">
					<control type="image">
						<left>5</left>
						<top>0</top>
						<width>360</width>
						<height>40</height>
						<texture border="5">button-nofocus.png</texture>
					</control>
					<control type="label">
						<left>15</left>
						<top>0</top>
						<width>340</width>
						<height>40</height>
						<font>font12_title</font>
						<align>left</align>
						<aligny>center</aligny>
						<selectedcolor>selected</selectedcolor>
						<info>ListItem.Label</info>
					</control>
				</itemlayout>
				<focusedlayout height="45">
					<control type="image">
						<left>5</left>
						<top>0</top>
						<width>360</width>
						<height>40</height>
						<visible>!Control.HasFocus(450)</visible>
						<texture border="5">button-nofocus.png</texture>
					</control>
					<control type="image">
						<left>5</left>
						<top>0</top>
						<width>360</width>
						<height>40</height>
						<visible>Control.HasFocus(450)</visible>
						<texture border="5">button-focus2.png</texture>
					</control>
					<control type="label">
						<left>15</left>
						<top>0</top>
						<width>340</width>
						<height>40</height>
						<font>font12_title</font>
						<align>left</align>
						<aligny>center</aligny>
						<selectedcolor>selected</selectedcolor>
						<info>ListItem.Label</info>
					</control>
				</focusedlayout>
				<content>
					<item>
						<description>Clear Setting</description>
						<label>$LOCALIZE[89013]</label>
						<onclick>Dialog.Close(2119)</onclick>
						<onclick>Skin.Reset($INFO[Window(Home).Property(UsrSelectBtn)].Label)</onclick>
						<onclick>Skin.Reset($INFO[Window(Home).Property(UsrSelectBtn)].Path)</onclick>
						<onclick>Skin.Reset($INFO[Window(Home).Property(UsrSelectBtn)].Icon)</onclick>
						<onclick>ClearProperty(UsrSelectBtn,home)</onclick>
						<visible>!StringCompare(Window(Home).Property(UsrSelectBtn),UsrFavBtnCmd)</visible>
					</item>
					<item>
						<description>Favourites</description>
						<label>$LOCALIZE[89701] $LOCALIZE[1036]</label>
						<onclick>Dialog.Close(2119)</onclick>
						<onclick>RunScript(script.favourites,changetitle=true&amp;property=$INFO[Window(Home).Property(UsrSelectBtn)])</onclick>
						<onclick>ClearProperty(UsrSelectBtn,home)</onclick>
						<visible>System.HasAddon(script.favourites)</visible>
					</item>
					<item>
						<description>Video addons</description>
						<label>$LOCALIZE[1037]</label>
						<onclick>Skin.Reset(UsrSelectAddon)</onclick>
						<onclick>Dialog.Close(2119)</onclick>
						<onclick>Skin.SetAddon(UsrSelectAddon,xbmc.addon.video)</onclick>
						<onclick>Skin.SetString($INFO[Window(Home).Property(UsrSelectBtn)].Label,$INFO[system.addontitle(Skin.String(UsrSelectAddon))])</onclick>
						<onclick>Skin.SetString($INFO[Window(Home).Property(UsrSelectBtn)].Path,RunAddon($INFO[Skin.String(UsrSelectAddon)]))</onclick>
						<onclick>Skin.SetString($INFO[Window(Home).Property(UsrSelectBtn)].Icon,$INFO[system.addonicon(Skin.String(UsrSelectAddon))])</onclick>
						<onclick>Skin.SetString($INFO[Window(Home).Property(UsrSelectBtn)].Label)</onclick>
						<onclick>ClearProperty(UsrSelectBtn,home)</onclick>
					</item>
					<item>
						<description>Music addons</description>
						<label>$LOCALIZE[1038]</label>
						<onclick>Skin.Reset(UsrSelectAddon)</onclick>
						<onclick>Dialog.Close(2119)</onclick>
						<onclick>Skin.SetAddon(UsrSelectAddon,xbmc.addon.audio)</onclick>
						<onclick>Skin.SetString($INFO[Window(Home).Property(UsrSelectBtn)].Label,$INFO[system.addontitle(Skin.String(UsrSelectAddon))])</onclick>
						<onclick>Skin.SetString($INFO[Window(Home).Property(UsrSelectBtn)].Path,RunAddon($INFO[Skin.String(UsrSelectAddon)]))</onclick>
						<onclick>Skin.SetString($INFO[Window(Home).Property(UsrSelectBtn)].Icon,$INFO[system.addonicon(Skin.String(UsrSelectAddon))])</onclick>
						<onclick>Skin.SetString($INFO[Window(Home).Property(UsrSelectBtn)].Label)</onclick>
						<onclick>ClearProperty(UsrSelectBtn,home)</onclick>
					</item>
					<item>
						<description>Picture addons</description>
						<label>$LOCALIZE[1039]</label>
						<onclick>Skin.Reset(UsrSelectAddon)</onclick>
						<onclick>Dialog.Close(2119)</onclick>
						<onclick>Skin.SetAddon(UsrSelectAddon,xbmc.addon.image)</onclick>
						<onclick>Skin.SetString($INFO[Window(Home).Property(UsrSelectBtn)].Label,$INFO[system.addontitle(Skin.String(UsrSelectAddon))])</onclick>
						<onclick>Skin.SetString($INFO[Window(Home).Property(UsrSelectBtn)].Path,RunAddon($INFO[Skin.String(UsrSelectAddon)]))</onclick>
						<onclick>Skin.SetString($INFO[Window(Home).Property(UsrSelectBtn)].Icon,$INFO[system.addonicon(Skin.String(UsrSelectAddon))])</onclick>
						<onclick>Skin.SetString($INFO[Window(Home).Property(UsrSelectBtn)].Label)</onclick>
						<onclick>ClearProperty(UsrSelectBtn,home)</onclick>
					</item>
					<item>
						<description>Programme addons</description>
						<label>$LOCALIZE[1043]</label>
						<onclick>Skin.Reset(UsrSelectAddon)</onclick>
						<onclick>Dialog.Close(2119)</onclick>
						<onclick>Skin.SetAddon(UsrSelectAddon,xbmc.addon.executable)</onclick>
						<onclick>Skin.SetString($INFO[Window(Home).Property(UsrSelectBtn)].Label,$INFO[system.addontitle(Skin.String(UsrSelectAddon))])</onclick>
						<onclick>Skin.SetString($INFO[Window(Home).Property(UsrSelectBtn)].Path,RunAddon($INFO[Skin.String(UsrSelectAddon)]))</onclick>
						<onclick>Skin.SetString($INFO[Window(Home).Property(UsrSelectBtn)].Icon,$INFO[system.addonicon(Skin.String(UsrSelectAddon))])</onclick>
						<onclick>Skin.SetString($INFO[Window(Home).Property(UsrSelectBtn)].Label)</onclick>
						<onclick>ClearProperty(UsrSelectBtn,home)</onclick>
					</item>
					<item>
						<description>Playlist Music</description>
						<label>$LOCALIZE[559] ([COLOR=selected]$LOCALIZE[2][/COLOR])</label>
						<onclick>Skin.Reset(UsrSelectAddon)</onclick>
						<onclick>Dialog.Close(2119)</onclick>
						<onclick>Skin.SetFile(UsrSelectAddon,.m3u|.xsp|.pls,special://musicplaylists/)</onclick>
						<onclick>Skin.SetString($INFO[Window(Home).Property(UsrSelectBtn)].Label,$LOCALIZE[559])</onclick>
						<onclick>Skin.SetString($INFO[Window(Home).Property(UsrSelectBtn)].Path,PlayMedia("$INFO[Skin.String(UsrSelectAddon)]"))</onclick>
						<onclick>Skin.SetString($INFO[Window(Home).Property(UsrSelectBtn)].Icon,DefaultMusicPlaylists.png)</onclick>
						<onclick>Skin.SetString($INFO[Window(Home).Property(UsrSelectBtn)].Label)</onclick>
						<onclick>ClearProperty(UsrSelectBtn,home)</onclick>
					</item>
					<item>
						<description>Playlist Video</description>
						<label>$LOCALIZE[559] ([COLOR=selected]$LOCALIZE[3][/COLOR])</label>
						<onclick>Skin.Reset(UsrSelectAddon)</onclick>
						<onclick>Dialog.Close(2119)</onclick>
						<onclick>Skin.SetFile(UsrSelectAddon,.xsp,special://videoplaylists/)</onclick>
						<onclick>Skin.SetString($INFO[Window(Home).Property(UsrSelectBtn)].Label,$LOCALIZE[559])</onclick>
						<onclick>Skin.SetString($INFO[Window(Home).Property(UsrSelectBtn)].Path,ActivateWindow(VideoLibrary,"$INFO[Skin.String(UsrSelectAddon)]",return))</onclick>
						<onclick>Skin.SetString($INFO[Window(Home).Property(UsrSelectBtn)].Icon,DefaultVideoPlaylists.png)</onclick>
						<onclick>Skin.SetString($INFO[Window(Home).Property(UsrSelectBtn)].Label)</onclick>
						<onclick>ClearProperty(UsrSelectBtn,home)</onclick>
					</item>
					<item>
						<description>Watch it Later Playlist</description>
						<label>$LOCALIZE[559] ([COLOR=selected]$LOCALIZE[89023][/COLOR])</label>
						<onclick>Skin.Reset(UsrSelectAddon)</onclick>
						<onclick>Dialog.Close(2119)</onclick>
						<onclick>Skin.SetString($INFO[Window(Home).Property(UsrSelectBtn)].Label,$LOCALIZE[89023])</onclick>
						<onclick>Skin.SetString($INFO[Window(Home).Property(UsrSelectBtn)].Path,RunAddon(script.simpleplaylists))</onclick>
						<onclick>Skin.SetString($INFO[Window(Home).Property(UsrSelectBtn)].Icon,DefaultVideoPlaylists.png)</onclick>
						<onclick>Skin.SetString($INFO[Window(Home).Property(UsrSelectBtn)].Label)</onclick>
						<onclick>ClearProperty(UsrSelectBtn,home)</onclick>
						<visible>System.HasAddon(script.simpleplaylists)</visible>
					</item>
				</content>
			</control>
			<control type="scrollbar" id="60">
				<left>1253</left>
				<top>100</top>
				<width>25</width>
				<height>550</height>
				<texturesliderbackground border="0,14,0,14">ScrollBarV.png</texturesliderbackground>
				<texturesliderbar border="0,14,0,14">ScrollBarV_bar.png</texturesliderbar>
				<texturesliderbarfocus border="0,14,0,14">ScrollBarV_bar_focus.png</texturesliderbarfocus>
				<textureslidernib>ScrollBarNib.png</textureslidernib>
				<textureslidernibfocus>ScrollBarNib.png</textureslidernibfocus>
				<onleft>450</onleft>
				<onright>450</onright>
				<showonepage>false</showonepage>
				<orientation>vertical</orientation>
				<visible>Control.IsVisible(450)</visible>
			</control>
		</control>
	</controls>
</window>