<?xml version="1.0" encoding="utf-8"?>
<window type="dialog" id="2125">
	<defaultcontrol always="true">450</defaultcontrol>
	<coordinates>
		<system>1</system>
		<left>0</left>
		<top>0</top>
	</coordinates>
	<controls>
		<control type="group">
			<animation effect="slide" start="400,0" end="0,0" time="400" tween="quadratic" easing="out">WindowOpen</animation>
			<animation effect="slide" start="0,0" end="400,0" time="400" tween="quadratic" easing="out">WindowClose</animation>
			<control type="image">
				<left>400r</left>
				<top>0</top>
				<width>400</width>
				<height>720</height>
				<texture border="15,0,0,0" flipx="true">MediaBladeSub.png</texture>
			</control>
			<control type="button">
				<description>Close Window button</description>
				<left>380r</left>
				<top>0</top>
				<width>64</width>
				<height>32</height>
				<onclick>PreviousMenu</onclick>
				<texturefocus>DialogCloseButton-focus.png</texturefocus>
				<texturenofocus>DialogCloseButton.png</texturenofocus>
				<onleft>450</onleft>
				<onright>450</onright>
				<onup>450</onup>
				<ondown>450</ondown>
				<visible>system.getbool(input.enablemouse)</visible>
			</control>
			<control type="label">
				<left>360r</left>
				<top>240</top>
				<width>325</width>
				<height>30</height>
				<font>font14</font>
				<align>center</align>
				<aligny>center</aligny>
				<textcolor>blue</textcolor>
				<label>[B]$LOCALIZE[89030][/B]</label>
			</control>
			<control type="image">
				<left>380r</left>
				<top>35</top>
				<width>350</width>
				<height>200</height>
				<aspectratio align="center">stretch</aspectratio>
				<fadetime>IconCrossfadeTime</fadetime>
				<texture fallback="Fanart_Fallback_Small.jpg" diffuse="episodematte.png">$INFO[Container(450).ListItem.Thumb]</texture>
				<bordertexture border="8">ThumbShadow.png</bordertexture>
				<bordersize>8</bordersize>
			</control>
			<control type="image">
				<left>370r</left>
				<top>125</top>
				<width>340</width>
				<height>100</height>
				<aspectratio align="center" aligny="bottom">keep</aspectratio>
				<texture background="true">$INFO[Container(450).ListItem.Property(Logo)]</texture>
				<visible>!IsEmpty(Container(450).ListItem.Property(Logo)) + !Skin.HasSetting(DisableLogoArt)</visible>
			</control>
			<control type="list" id="450">
				<left>390r</left>
				<top>280</top>
				<width>450</width>
				<height>400</height>
				<onup>450</onup>
				<onleft>Dialog.Close(2125)</onleft>
				<onright>60</onright>
				<ondown>450</ondown>
				<pagecontrol>60</pagecontrol>
				<scrolltime>200</scrolltime>
				<itemlayout height="40">
					<control type="image">
						<left>0</left>
						<top>0</top>
						<width>360</width>
						<height>40</height>
						<texture border="5">button-nofocus.png</texture>
					</control>
					<control type="label">
						<left>10</left>
						<top>0</top>
						<width>340</width>
						<height>40</height>
						<font>font12_title</font>
						<align>left</align>
						<aligny>center</aligny>
						<selectedcolor>selected</selectedcolor>
						<label>$INFO[ListItem.label]</label>
					</control>
				</itemlayout>
				<focusedlayout height="40">
					<control type="image">
						<left>0</left>
						<top>0</top>
						<width>370</width>
						<height>40</height>
						<visible>!Control.HasFocus(450)</visible>
						<texture border="3">button-nofocus.png</texture>
					</control>
					<control type="image">
						<left>0</left>
						<top>0</top>
						<width>360</width>
						<height>40</height>
						<visible>Control.HasFocus(450)</visible>
						<texture border="3">button-focus.png</texture>
					</control>
					<control type="label">
						<left>10</left>
						<top>0</top>
						<width>340</width>
						<height>40</height>
						<font>font12_title</font>
						<align>left</align>
						<aligny>center</aligny>
						<selectedcolor>selected</selectedcolor>
						<label>$INFO[ListItem.label]</label>
					</control>
				</focusedlayout>
				<content>
					<item id="1">
						<label>$INFO[Window(home).Property(RecommendedMovie.1.Title)]</label>
						<onclick>PlayList.Clear</onclick>
						<onclick>Dialog.Close(2125)</onclick>
						<onclick>PlayMedia($ESCINFO[Window(home).Property(RecommendedMovie.1.File)])</onclick>
						<icon>$INFO[Window(home).Property(RecommendedMovie.1.Art(poster))]</icon>
						<thumb>$INFO[Window(home).Property(RecommendedMovie.1.Art(fanart))]</thumb>
						<property name="Logo">$INFO[Window(home).Property(RecommendedMovie.1.Art(clearlogo))]</property>
						<property name="PercentPlayed">$INFO[Window(home).Property(RecommendedMovie.1.PercentPlayed)]</property>
						<visible>!IsEmpty(Window(home).Property(RecommendedMovie.1.Title))</visible>
					</item>
					<item id="2">
						<label>$INFO[Window(home).Property(RecommendedMovie.2.Title)]</label>
						<onclick>PlayList.Clear</onclick>
						<onclick>Dialog.Close(2125)</onclick>
						<onclick>PlayMedia($ESCINFO[Window(home).Property(RecommendedMovie.2.File)])</onclick>
						<icon>$INFO[Window(home).Property(RecommendedMovie.2.Art(poster))]</icon>
						<thumb>$INFO[Window(home).Property(RecommendedMovie.2.Art(fanart))]</thumb>
						<property name="Logo">$INFO[Window(home).Property(RecommendedMovie.2.Art(clearlogo))]</property>
						<property name="PercentPlayed">$INFO[Window(home).Property(RecommendedMovie.2.PercentPlayed)]</property>
						<visible>!IsEmpty(Window(home).Property(RecommendedMovie.2.Title))</visible>
					</item>
					<item id="3">
						<label>$INFO[Window(home).Property(RecommendedMovie.3.Title)]</label>
						<onclick>PlayList.Clear</onclick>
						<onclick>Dialog.Close(2125)</onclick>
						<onclick>PlayMedia($ESCINFO[Window(home).Property(RecommendedMovie.3.File)])</onclick>
						<icon>$INFO[Window(home).Property(RecommendedMovie.3.Art(poster))]</icon>
						<thumb>$INFO[Window(home).Property(RecommendedMovie.3.Art(fanart))]</thumb>
						<property name="Logo">$INFO[Window(home).Property(RecommendedMovie.3.Art(clearlogo))]</property>
						<property name="PercentPlayed">$INFO[Window(home).Property(RecommendedMovie.3.PercentPlayed)]</property>
						<visible>!IsEmpty(Window(home).Property(RecommendedMovie.3.Title))</visible>
					</item>
					<item id="4">
						<label>$INFO[Window(home).Property(RecommendedMovie.4.Title)]</label>
						<onclick>PlayList.Clear</onclick>
						<onclick>Dialog.Close(2125)</onclick>
						<onclick>PlayMedia($ESCINFO[Window(home).Property(RecommendedMovie.4.File)])</onclick>
						<icon>$INFO[Window(home).Property(RecommendedMovie.4.Art(poster))]</icon>
						<thumb>$INFO[Window(home).Property(RecommendedMovie.4.Art(fanart))]</thumb>
						<property name="Logo">$INFO[Window(home).Property(RecommendedMovie.4.Art(clearlogo))]</property>
						<property name="PercentPlayed">$INFO[Window(home).Property(RecommendedMovie.4.PercentPlayed)]</property>
						<visible>!IsEmpty(Window(home).Property(RecommendedMovie.4.Title))</visible>
					</item>
					<item id="5">
						<label>$INFO[Window(home).Property(RecommendedMovie.5.Title)]</label>
						<onclick>PlayList.Clear</onclick>
						<onclick>Dialog.Close(2125)</onclick>
						<onclick>PlayMedia($ESCINFO[Window(home).Property(RecommendedMovie.5.File)])</onclick>
						<icon>$INFO[Window(home).Property(RecommendedMovie.5.Art(poster))]</icon>
						<thumb>$INFO[Window(home).Property(RecommendedMovie.5.Art(fanart))]</thumb>
						<property name="Logo">$INFO[Window(home).Property(RecommendedMovie.5.Art(clearlogo))]</property>
						<property name="PercentPlayed">$INFO[Window(home).Property(RecommendedMovie.5.PercentPlayed)]</property>
						<visible>!IsEmpty(Window(home).Property(RecommendedMovie.5.Title))</visible>
					</item>
					<item id="6">
						<label>$INFO[Window(home).Property(RecommendedMovie.6.Title)]</label>
						<onclick>PlayList.Clear</onclick>
						<onclick>Dialog.Close(2125)</onclick>
						<onclick>PlayMedia($ESCINFO[Window(home).Property(RecommendedMovie.6.File)])</onclick>
						<icon>$INFO[Window(home).Property(RecommendedMovie.6.Art(poster))]</icon>
						<thumb>$INFO[Window(home).Property(RecommendedMovie.6.Art(fanart))]</thumb>
						<property name="Logo">$INFO[Window(home).Property(RecommendedMovie.6.Art(clearlogo))]</property>
						<property name="PercentPlayed">$INFO[Window(home).Property(RecommendedMovie.6.PercentPlayed)]</property>
						<visible>!IsEmpty(Window(home).Property(RecommendedMovie.6.Title))</visible>
					</item>
					<item id="7">
						<label>$INFO[Window(home).Property(RecommendedMovie.7.Title)]</label>
						<onclick>PlayList.Clear</onclick>
						<onclick>Dialog.Close(2125)</onclick>
						<onclick>PlayMedia($ESCINFO[Window(home).Property(RecommendedMovie.7.File)])</onclick>
						<icon>$INFO[Window(home).Property(RecommendedMovie.7.Art(poster))]</icon>
						<thumb>$INFO[Window(home).Property(RecommendedMovie.7.Art(fanart))]</thumb>
						<property name="Logo">$INFO[Window(home).Property(RecommendedMovie.7.Art(clearlogo))]</property>
						<property name="PercentPlayed">$INFO[Window(home).Property(RecommendedMovie.7.PercentPlayed)]</property>
						<visible>!IsEmpty(Window(home).Property(RecommendedMovie.7.Title))</visible>
					</item>
					<item id="8">
						<label>$INFO[Window(home).Property(RecommendedMovie.8.Title)]</label>
						<onclick>PlayList.Clear</onclick>
						<onclick>Dialog.Close(2125)</onclick>
						<onclick>PlayMedia($ESCINFO[Window(home).Property(RecommendedMovie.8.File)])</onclick>
						<icon>$INFO[Window(home).Property(RecommendedMovie.8.Art(poster))]</icon>
						<thumb>$INFO[Window(home).Property(RecommendedMovie.8.Art(fanart))]</thumb>
						<property name="Logo">$INFO[Window(home).Property(RecommendedMovie.8.Art(clearlogo))]</property>
						<property name="PercentPlayed">$INFO[Window(home).Property(RecommendedMovie.8.PercentPlayed)]</property>
						<visible>!IsEmpty(Window(home).Property(RecommendedMovie.8.Title))</visible>
					</item>
					<item id="9">
						<label>$INFO[Window(home).Property(RecommendedMovie.9.Title)]</label>
						<onclick>PlayList.Clear</onclick>
						<onclick>Dialog.Close(2125)</onclick>
						<onclick>PlayMedia($ESCINFO[Window(home).Property(RecommendedMovie.9.File)])</onclick>
						<icon>$INFO[Window(home).Property(RecommendedMovie.9.Art(poster))]</icon>
						<thumb>$INFO[Window(home).Property(RecommendedMovie.9.Art(fanart))]</thumb>
						<property name="Logo">$INFO[Window(home).Property(RecommendedMovie.9.Art(clearlogo))]</property>
						<property name="PercentPlayed">$INFO[Window(home).Property(RecommendedMovie.9.PercentPlayed)]</property>
						<visible>!IsEmpty(Window(home).Property(RecommendedMovie.9.Title))</visible>
					</item>
					<item id="10">
						<label>$INFO[Window(home).Property(RecommendedMovie.10.Title)]</label>
						<onclick>PlayList.Clear</onclick>
						<onclick>Dialog.Close(2125)</onclick>
						<onclick>PlayMedia($ESCINFO[Window(home).Property(RecommendedMovie.10.File)])</onclick>
						<icon>$INFO[Window(home).Property(RecommendedMovie.10.Art(poster))]</icon>
						<thumb>$INFO[Window(home).Property(RecommendedMovie.10.Art(fanart))]</thumb>
						<property name="Logo">$INFO[Window(home).Property(RecommendedMovie.10.Art(clearlogo))]</property>
						<property name="PercentPlayed">$INFO[Window(home).Property(RecommendedMovie.10.PercentPlayed)]</property>
						<visible>!IsEmpty(Window(home).Property(RecommendedMovie.10.Title))</visible>
					</item>
					<item id="11">
						<label>$INFO[Window(home).Property(RecommendedMovie.11.Title)]</label>
						<onclick>PlayList.Clear</onclick>
						<onclick>Dialog.Close(2125)</onclick>
						<onclick>PlayMedia($ESCINFO[Window(home).Property(RecommendedMovie.11.File)])</onclick>
						<icon>$INFO[Window(home).Property(RecommendedMovie.11.Art(poster))]</icon>
						<thumb>$INFO[Window(home).Property(RecommendedMovie.11.Art(fanart))]</thumb>
						<property name="Logo">$INFO[Window(home).Property(RecommendedMovie.11.Art(clearlogo))]</property>
						<property name="PercentPlayed">$INFO[Window(home).Property(RecommendedMovie.11.PercentPlayed)]</property>
						<visible>!IsEmpty(Window(home).Property(RecommendedMovie.11.Title))</visible>
					</item>
					<item id="12">
						<label>$INFO[Window(home).Property(RecommendedMovie.12.Title)]</label>
						<onclick>PlayList.Clear</onclick>
						<onclick>Dialog.Close(2125)</onclick>
						<onclick>PlayMedia($ESCINFO[Window(home).Property(RecommendedMovie.12.File)])</onclick>
						<icon>$INFO[Window(home).Property(RecommendedMovie.12.Art(poster))]</icon>
						<thumb>$INFO[Window(home).Property(RecommendedMovie.12.Art(fanart))]</thumb>
						<property name="Logo">$INFO[Window(home).Property(RecommendedMovie.12.Art(clearlogo))]</property>
						<property name="PercentPlayed">$INFO[Window(home).Property(RecommendedMovie.12.PercentPlayed)]</property>
						<visible>!IsEmpty(Window(home).Property(RecommendedMovie.12.Title))</visible>
					</item>
					<item id="13">
						<label>$INFO[Window(home).Property(RecommendedMovie.13.Title)]</label>
						<onclick>PlayList.Clear</onclick>
						<onclick>Dialog.Close(2125)</onclick>
						<onclick>PlayMedia($ESCINFO[Window(home).Property(RecommendedMovie.13.File)])</onclick>
						<icon>$INFO[Window(home).Property(RecommendedMovie.13.Art(poster))]</icon>
						<thumb>$INFO[Window(home).Property(RecommendedMovie.13.Art(fanart))]</thumb>
						<property name="Logo">$INFO[Window(home).Property(RecommendedMovie.13.Art(clearlogo))]</property>
						<property name="PercentPlayed">$INFO[Window(home).Property(RecommendedMovie.13.PercentPlayed)]</property>
						<visible>!IsEmpty(Window(home).Property(RecommendedMovie.13.Title))</visible>
					</item>
					<item id="14">
						<label>$INFO[Window(home).Property(RecommendedMovie.14.Title)]</label>
						<onclick>PlayList.Clear</onclick>
						<onclick>Dialog.Close(2125)</onclick>
						<onclick>PlayMedia($ESCINFO[Window(home).Property(RecommendedMovie.14.File)])</onclick>
						<icon>$INFO[Window(home).Property(RecommendedMovie.14.Art(poster))]</icon>
						<thumb>$INFO[Window(home).Property(RecommendedMovie.14.Art(fanart))]</thumb>
						<property name="Logo">$INFO[Window(home).Property(RecommendedMovie.14.Art(clearlogo))]</property>
						<property name="PercentPlayed">$INFO[Window(home).Property(RecommendedMovie.14.PercentPlayed)]</property>
						<visible>!IsEmpty(Window(home).Property(RecommendedMovie.14.Title))</visible>
					</item>
					<item id="15">
						<label>$INFO[Window(home).Property(RecommendedMovie.15.Title)]</label>
						<onclick>PlayList.Clear</onclick>
						<onclick>Dialog.Close(2125)</onclick>
						<onclick>PlayMedia($ESCINFO[Window(home).Property(RecommendedMovie.15.File)])</onclick>
						<icon>$INFO[Window(home).Property(RecommendedMovie.15.Art(poster))]</icon>
						<thumb>$INFO[Window(home).Property(RecommendedMovie.15.Art(fanart))]</thumb>
						<property name="Logo">$INFO[Window(home).Property(RecommendedMovie.15.Art(clearlogo))]</property>
						<property name="PercentPlayed">$INFO[Window(home).Property(RecommendedMovie.15.PercentPlayed)]</property>
						<visible>!IsEmpty(Window(home).Property(RecommendedMovie.15.Title))</visible>
					</item>
					<item id="16">
						<label>$INFO[Window(home).Property(RecommendedMovie.16.Title)]</label>
						<onclick>PlayList.Clear</onclick>
						<onclick>Dialog.Close(2125)</onclick>
						<onclick>PlayMedia($ESCINFO[Window(home).Property(RecommendedMovie.16.File)])</onclick>
						<icon>$INFO[Window(home).Property(RecommendedMovie.16.Art(poster))]</icon>
						<thumb>$INFO[Window(home).Property(RecommendedMovie.16.Art(fanart))]</thumb>
						<property name="Logo">$INFO[Window(home).Property(RecommendedMovie.16.Art(clearlogo))]</property>
						<property name="PercentPlayed">$INFO[Window(home).Property(RecommendedMovie.16.PercentPlayed)]</property>
						<visible>!IsEmpty(Window(home).Property(RecommendedMovie.16.Title))</visible>
					</item>
					<item id="17">
						<label>$INFO[Window(home).Property(RecommendedMovie.17.Title)]</label>
						<onclick>PlayList.Clear</onclick>
						<onclick>Dialog.Close(2125)</onclick>
						<onclick>PlayMedia($ESCINFO[Window(home).Property(RecommendedMovie.17.File)])</onclick>
						<icon>$INFO[Window(home).Property(RecommendedMovie.17.Art(poster))]</icon>
						<thumb>$INFO[Window(home).Property(RecommendedMovie.17.Art(fanart))]</thumb>
						<property name="Logo">$INFO[Window(home).Property(RecommendedMovie.17.Art(clearlogo))]</property>
						<property name="PercentPlayed">$INFO[Window(home).Property(RecommendedMovie.17.PercentPlayed)]</property>
						<visible>!IsEmpty(Window(home).Property(RecommendedMovie.17.Title))</visible>
					</item>
					<item id="18">
						<label>$INFO[Window(home).Property(RecommendedMovie.18.Title)]</label>
						<onclick>PlayList.Clear</onclick>
						<onclick>Dialog.Close(2125)</onclick>
						<onclick>PlayMedia($ESCINFO[Window(home).Property(RecommendedMovie.18.File)])</onclick>
						<icon>$INFO[Window(home).Property(RecommendedMovie.18.Art(poster))]</icon>
						<thumb>$INFO[Window(home).Property(RecommendedMovie.18.Art(fanart))]</thumb>
						<property name="Logo">$INFO[Window(home).Property(RecommendedMovie.18.Art(clearlogo))]</property>
						<property name="PercentPlayed">$INFO[Window(home).Property(RecommendedMovie.18.PercentPlayed)]</property>
						<visible>!IsEmpty(Window(home).Property(RecommendedMovie.18.Title))</visible>
					</item>
					<item id="19">
						<label>$INFO[Window(home).Property(RecommendedMovie.19.Title)]</label>
						<onclick>PlayList.Clear</onclick>
						<onclick>Dialog.Close(2125)</onclick>
						<onclick>PlayMedia($ESCINFO[Window(home).Property(RecommendedMovie.19.File)])</onclick>
						<icon>$INFO[Window(home).Property(RecommendedMovie.19.Art(poster))]</icon>
						<thumb>$INFO[Window(home).Property(RecommendedMovie.19.Art(fanart))]</thumb>
						<property name="Logo">$INFO[Window(home).Property(RecommendedMovie.19.Art(clearlogo))]</property>
						<property name="PercentPlayed">$INFO[Window(home).Property(RecommendedMovie.19.PercentPlayed)]</property>
						<visible>!IsEmpty(Window(home).Property(RecommendedMovie.19.Title))</visible>
					</item>
					<item id="20">
						<label>$INFO[Window(home).Property(RecommendedMovie.20.Title)]</label>
						<onclick>PlayList.Clear</onclick>
						<onclick>Dialog.Close(2125)</onclick>
						<onclick>PlayMedia($ESCINFO[Window(home).Property(RecommendedMovie.20.File)])</onclick>
						<icon>$INFO[Window(home).Property(RecommendedMovie.20.Art(poster))]</icon>
						<thumb>$INFO[Window(home).Property(RecommendedMovie.20.Art(fanart))]</thumb>
						<property name="Logo">$INFO[Window(home).Property(RecommendedMovie.20.Art(clearlogo))]</property>
						<property name="PercentPlayed">$INFO[Window(home).Property(RecommendedMovie.20.PercentPlayed)]</property>
						<visible>!IsEmpty(Window(home).Property(RecommendedMovie.20.Title))</visible>
					</item>
					<item id="21">
						<label>89703</label>
						<label2>89703</label2>
						<onclick>PreviousMenu</onclick>
						<icon>DefaultVideo.png</icon>
						<thumb>Fanart_Fallback_Small.jpg</thumb>
						<visible>IsEmpty(Window(home).Property(RecommendedMovie.1.Title))</visible>
					</item>
				</content>
			</control>
			<control type="scrollbar" id="60">
				<left>1256</left>
				<top>280</top>
				<width>25</width>
				<height>400</height>
				<texturesliderbackground border="0,14,0,14">ScrollBarV.png</texturesliderbackground>
				<texturesliderbar border="0,14,0,14">ScrollBarV_bar.png</texturesliderbar>
				<texturesliderbarfocus border="0,14,0,14">ScrollBarV_bar_focus.png</texturesliderbarfocus>
				<textureslidernib>ScrollBarNib.png</textureslidernib>
				<textureslidernibfocus>ScrollBarNib.png</textureslidernibfocus>
				<onleft>450</onleft>
				<onright>450</onright>
				<showonepage>true</showonepage>
				<orientation>vertical</orientation>
				<visible>Control.IsVisible(450)</visible>
			</control>
		</control>
	</controls>
</window>