<?xml version="1.0" encoding="utf-8"?>
<window type="dialog" id="2117">
	<defaultcontrol always="true">450</defaultcontrol>
	<coordinates>
		<system>1</system>
		<left>0</left>
		<top>0</top>
	</coordinates>
	<controls>
		<control type="group">
			<animation effect="slide" start="400,0" end="0,0" time="400" tween="quadratic" easing="out">WindowOpen</animation>
			<animation effect="slide" start="0,0" end="400,0" time="400" tween="quadratic" easing="out">WindowClose</animation>
			<control type="image">
				<left>400r</left>
				<top>0</top>
				<width>405</width>
				<height>720</height>
				<texture border="15,0,0,0" flipx="true">MediaBladeSub.png</texture>
			</control>
			<control type="button">
				<description>Close Window button</description>
				<left>380r</left>
				<top>0</top>
				<width>64</width>
				<height>32</height>
				<onclick>PreviousMenu</onclick>
				<texturefocus>DialogCloseButton-focus.png</texturefocus>
				<texturenofocus>DialogCloseButton.png</texturenofocus>
				<onleft>450</onleft>
				<onright>450</onright>
				<onup>450</onup>
				<ondown>450</ondown>
				<visible>system.getbool(input.enablemouse)</visible>
			</control>
			<control type="label">
				<left>380r</left>
				<top>35</top>
				<width>360</width>
				<height>40</height>
				<font>font13_title</font>
				<align>center</align>
				<aligny>center</aligny>
				<textcolor>blue</textcolor>
				<shadowcolor>black</shadowcolor>
				<label>$LOCALIZE[89200]</label>
			</control>
			<control type="list" id="450">
				<left>390r</left>
				<top>100</top>
				<width>440</width>
				<height>550</height>
				<onup>450</onup>
				<onleft>Dialog.Close(2117)</onleft>
				<onright>60</onright>
				<ondown>450</ondown>
				<pagecontrol>60</pagecontrol>
				<scrolltime>200</scrolltime>
				<itemlayout height="45">
					<control type="image">
						<left>5</left>
						<top>0</top>
						<width>360</width>
						<height>40</height>
						<texture border="5">button-nofocus.png</texture>
					</control>
					<control type="label">
						<left>15</left>
						<top>0</top>
						<width>340</width>
						<height>40</height>
						<font>font12_title</font>
						<align>left</align>
						<aligny>center</aligny>
						<selectedcolor>selected</selectedcolor>
						<info>ListItem.Label</info>
					</control>
				</itemlayout>
				<focusedlayout height="45">
					<control type="image">
						<left>5</left>
						<top>0</top>
						<width>360</width>
						<height>40</height>
						<visible>!Control.HasFocus(450)</visible>
						<texture border="5">button-nofocus.png</texture>
					</control>
					<control type="image">
						<left>5</left>
						<top>0</top>
						<width>360</width>
						<height>40</height>
						<visible>Control.HasFocus(450)</visible>
						<texture border="5">button-focus2.png</texture>
					</control>
					<control type="label">
						<left>15</left>
						<top>0</top>
						<width>340</width>
						<height>40</height>
						<font>font12_title</font>
						<align>left</align>
						<aligny>center</aligny>
						<selectedcolor>selected</selectedcolor>
						<info>ListItem.Label</info>
					</control>
				</focusedlayout>
				<content>
					<item>
						<description>Clear Setting</description>
						<label>$LOCALIZE[89013]</label>
						<onclick>Dialog.Close(2117)</onclick>
						<onclick>Skin.SetString($INFO[Window(Home).Property(UsrSelectBtn)].Addon,None)</onclick>
						<onclick>ClearProperty(UsrSelectBtn,Home)</onclick>
					</item>
					<item>
						<description>User Addon Set 01</description>
						<label>$INFO[Skin.String(AddonSet01.Label)]</label>
						<onclick>Dialog.Close(2117)</onclick>
						<onclick>Skin.SetString($INFO[Window(Home).Property(UsrSelectBtn)].Addon,AddonSet01)</onclick>
						<onclick>ClearProperty(UsrSelectBtn,Home)</onclick>
                        <visible>!IsEmpty(Skin.String(AddonSet01.Label))</visible>
					</item>
					<item>
						<description>User Addon Set 02</description>
						<label>$INFO[Skin.String(AddonSet02.Label)]</label>
						<onclick>Dialog.Close(2117)</onclick>
						<onclick>Skin.SetString($INFO[Window(Home).Property(UsrSelectBtn)].Addon,AddonSet02)</onclick>
						<onclick>ClearProperty(UsrSelectBtn,Home)</onclick>
                        <visible>!IsEmpty(Skin.String(AddonSet02.Label))</visible>
					</item>
					<item>
						<description>User Addon Set 03</description>
						<label>$INFO[Skin.String(AddonSet03.Label)]</label>
						<onclick>Dialog.Close(2117)</onclick>
						<onclick>Skin.SetString($INFO[Window(Home).Property(UsrSelectBtn)].Addon,AddonSet03)</onclick>
						<onclick>ClearProperty(UsrSelectBtn,Home)</onclick>
                        <visible>!IsEmpty(Skin.String(AddonSet03.Label))</visible>
					</item>
					<item>
						<description>User Addon Set 04</description>
						<label>$INFO[Skin.String(AddonSet04.Label)]</label>
						<onclick>Dialog.Close(2117)</onclick>
						<onclick>Skin.SetString($INFO[Window(Home).Property(UsrSelectBtn)].Addon,AddonSet04)</onclick>
						<onclick>ClearProperty(UsrSelectBtn,Home)</onclick>
                        <visible>!IsEmpty(Skin.String(AddonSet04.Label))</visible>
					</item>
					<item>
						<description>User Addon Set 05</description>
						<label>$INFO[Skin.String(AddonSet05.Label)]</label>
						<onclick>Dialog.Close(2117)</onclick>
						<onclick>Skin.SetString($INFO[Window(Home).Property(UsrSelectBtn)].Addon,AddonSet05)</onclick>
						<onclick>ClearProperty(UsrSelectBtn,Home)</onclick>
                        <visible>!IsEmpty(Skin.String(AddonSet05.Label))</visible>
					</item>
					<item>
						<description>User Addon Set 06</description>
						<label>$INFO[Skin.String(AddonSet06.Label)]</label>
						<onclick>Dialog.Close(2117)</onclick>
						<onclick>Skin.SetString($INFO[Window(Home).Property(UsrSelectBtn)].Addon,AddonSet06)</onclick>
						<onclick>ClearProperty(UsrSelectBtn,Home)</onclick>
                        <visible>!IsEmpty(Skin.String(AddonSet06.Label))</visible>
					</item>
					<item>
						<description>User Addon Set 07</description>
						<label>$INFO[Skin.String(AddonSet07.Label)]</label>
						<onclick>Dialog.Close(2117)</onclick>
						<onclick>Skin.SetString($INFO[Window(Home).Property(UsrSelectBtn)].Addon,AddonSet07)</onclick>
						<onclick>ClearProperty(UsrSelectBtn,Home)</onclick>
                        <visible>!IsEmpty(Skin.String(AddonSet07.Label))</visible>
					</item>
					<item>
						<description>User Addon Set 08</description>
						<label>$INFO[Skin.String(AddonSet08.Label)]</label>
						<onclick>Dialog.Close(2117)</onclick>
						<onclick>Skin.SetString($INFO[Window(Home).Property(UsrSelectBtn)].Addon,AddonSet08)</onclick>
						<onclick>ClearProperty(UsrSelectBtn,Home)</onclick>
                        <visible>!IsEmpty(Skin.String(AddonSet08.Label))</visible>
					</item>
					<item>
						<description>User Addon Set 09</description>
						<label>$INFO[Skin.String(AddonSet09.Label)]</label>
						<onclick>Dialog.Close(2117)</onclick>
						<onclick>Skin.SetString($INFO[Window(Home).Property(UsrSelectBtn)].Addon,AddonSet09)</onclick>
						<onclick>ClearProperty(UsrSelectBtn,Home)</onclick>
                        <visible>!IsEmpty(Skin.String(AddonSet09.Label))</visible>
					</item>
					<item>
						<description>User Addon Set 10</description>
						<label>$INFO[Skin.String(AddonSet10.Label)]</label>
						<onclick>Dialog.Close(2117)</onclick>
						<onclick>Skin.SetString($INFO[Window(Home).Property(UsrSelectBtn)].Addon,AddonSet10)</onclick>
						<onclick>ClearProperty(UsrSelectBtn,Home)</onclick>
                        <visible>!IsEmpty(Skin.String(AddonSet10.Label))</visible>
					</item>
					<item>
						<description>User Addon Set 11</description>
						<label>$INFO[Skin.String(AddonSet11.Label)]</label>
						<onclick>Dialog.Close(2117)</onclick>
						<onclick>Skin.SetString($INFO[Window(Home).Property(UsrSelectBtn)].Addon,AddonSet11)</onclick>
						<onclick>ClearProperty(UsrSelectBtn,Home)</onclick>
                        <visible>!IsEmpty(Skin.String(AddonSet11.Label))</visible>
					</item>
					<item>
						<description>User Addon Set 12</description>
						<label>$INFO[Skin.String(AddonSet12.Label)]</label>
						<onclick>Dialog.Close(2117)</onclick>
						<onclick>Skin.SetString($INFO[Window(Home).Property(UsrSelectBtn)].Addon,AddonSet12)</onclick>
						<onclick>ClearProperty(UsrSelectBtn,Home)</onclick>
                        <visible>!IsEmpty(Skin.String(AddonSet12.Label))</visible>
					</item>
					<item>
						<description>User Addon Set 13</description>
						<label>$INFO[Skin.String(AddonSet13.Label)]</label>
						<onclick>Dialog.Close(2117)</onclick>
						<onclick>Skin.SetString($INFO[Window(Home).Property(UsrSelectBtn)].Addon,AddonSet13)</onclick>
						<onclick>ClearProperty(UsrSelectBtn,Home)</onclick>
                        <visible>!IsEmpty(Skin.String(AddonSet13.Label))</visible>
					</item>
					<item>
						<description>User Addon Set 14</description>
						<label>$INFO[Skin.String(AddonSet14.Label)]</label>
						<onclick>Dialog.Close(2117)</onclick>
						<onclick>Skin.SetString($INFO[Window(Home).Property(UsrSelectBtn)].Addon,AddonSet14)</onclick>
						<onclick>ClearProperty(UsrSelectBtn,Home)</onclick>
                        <visible>!IsEmpty(Skin.String(AddonSet14.Label))</visible>
					</item>
					<item>
						<description>User Addon Set 15</description>
						<label>$INFO[Skin.String(AddonSet15.Label)]</label>
						<onclick>Dialog.Close(2117)</onclick>
						<onclick>Skin.SetString($INFO[Window(Home).Property(UsrSelectBtn)].Addon,AddonSet15)</onclick>
						<onclick>ClearProperty(UsrSelectBtn,Home)</onclick>
                        <visible>!IsEmpty(Skin.String(AddonSet15.Label))</visible>
					</item>
					<item>
						<description>User Addon Set 16</description>
						<label>$INFO[Skin.String(AddonSet16.Label)]</label>
						<onclick>Dialog.Close(2117)</onclick>
						<onclick>Skin.SetString($INFO[Window(Home).Property(UsrSelectBtn)].Addon,AddonSet16)</onclick>
						<onclick>ClearProperty(UsrSelectBtn,Home)</onclick>
                        <visible>!IsEmpty(Skin.String(AddonSet16.Label))</visible>
					</item>
					<item>
						<description>User Addon Set 17</description>
						<label>$INFO[Skin.String(AddonSet17.Label)]</label>
						<onclick>Dialog.Close(2117)</onclick>
						<onclick>Skin.SetString($INFO[Window(Home).Property(UsrSelectBtn)].Addon,AddonSet17)</onclick>
						<onclick>ClearProperty(UsrSelectBtn,Home)</onclick>
                        <visible>!IsEmpty(Skin.String(AddonSet17.Label))</visible>
					</item>
					<item>
						<description>User Addon Set 18</description>
						<label>$INFO[Skin.String(AddonSet18.Label)]</label>
						<onclick>Dialog.Close(2117)</onclick>
						<onclick>Skin.SetString($INFO[Window(Home).Property(UsrSelectBtn)].Addon,AddonSet18)</onclick>
						<onclick>ClearProperty(UsrSelectBtn,Home)</onclick>
                        <visible>!IsEmpty(Skin.String(AddonSet18.Label))</visible>
					</item>
					<item>
						<description>User Addon Set 19</description>
						<label>$INFO[Skin.String(AddonSet19.Label)]</label>
						<onclick>Dialog.Close(2117)</onclick>
						<onclick>Skin.SetString($INFO[Window(Home).Property(UsrSelectBtn)].Addon,AddonSet19)</onclick>
						<onclick>ClearProperty(UsrSelectBtn,Home)</onclick>
                        <visible>!IsEmpty(Skin.String(AddonSet19.Label))</visible>
					</item>
					<item>
						<description>User Addon Set 20</description>
						<label>$INFO[Skin.String(AddonSet20.Label)]</label>
						<onclick>Dialog.Close(2117)</onclick>
						<onclick>Skin.SetString($INFO[Window(Home).Property(UsrSelectBtn)].Addon,AddonSet20)</onclick>
						<onclick>ClearProperty(UsrSelectBtn,Home)</onclick>
                        <visible>!IsEmpty(Skin.String(AddonSet20.Label))</visible>
					</item>
				</content>
			</control>
			<control type="scrollbar" id="60">
				<left>1253</left>
				<top>100</top>
				<width>25</width>
				<height>550</height>
				<texturesliderbackground border="0,14,0,14">ScrollBarV.png</texturesliderbackground>
				<texturesliderbar border="0,14,0,14">ScrollBarV_bar.png</texturesliderbar>
				<texturesliderbarfocus border="0,14,0,14">ScrollBarV_bar_focus.png</texturesliderbarfocus>
				<textureslidernib>ScrollBarNib.png</textureslidernib>
				<textureslidernibfocus>ScrollBarNib.png</textureslidernibfocus>
				<onleft>450</onleft>
				<onright>450</onright>
				<showonepage>false</showonepage>
				<orientation>vertical</orientation>
				<visible>Control.IsVisible(450)</visible>
			</control>
		</control>
	</controls>
</window>