<?xml version="1.0" encoding="UTF-8"?>
<addon
  id="skin.Confluence-plood-helix"
  version="2.5.103"
  name="Confluence-plood-helix"
  provider-name="Jezz_X, Team XBMC, YLLOW_DRAGON, plood">
  <requires>
    <import addon="xbmc.gui" version="5.3.0"/>
	<import addon="script.favourites" version="8.0.8"/>
  </requires>
  <extension
    point="xbmc.gui.skin"
    defaultthemename="textures.xbt"
    debugging="false"
    effectslowdown="0.75">
    <res width="1280" height="720" aspect="16:9" default="true" folder="720p" />
  </extension>
  <extension point="xbmc.addon.metadata">
    <summary lang="af">Confluence plood tema deur Jezz_X, Team XBMC, YLLOW_DRAGON, plood.</summary>
    <summary lang="ar">جلد "كونفليونس" من صنع Jezz_X, Team XBMC, YLLOW_DRAGON, plood.</summary>
    <summary lang="be">Confluence plood skin by Jezz_X, Team XBMC, YLLOW_DRAGON, plood.</summary>
    <summary lang="bg">Облик от Jezz_X, Team XBMC, YLLOW_DRAGON, plood.</summary>
    <summary lang="ca">Pell Confluence plood, per Jezz_X, Team XBMC, YLLOW_DRAGON, plood.</summary>
    <summary lang="cs">Vzhled Confluence plood od Jezz_X, Team XBMC, YLLOW_DRAGON, plood.</summary>
    <summary lang="cy">Croen Confluence plood gan Jezz_X, Team XBMC, YLLOW_DRAGON, plood.</summary>
    <summary lang="da">Confluence plood skin af Jezz_X, Team XBMC, YLLOW_DRAGON, plood.</summary>
    <summary lang="de">Confluence plood Skin von Jezz_X, Team XBMC, YLLOW_DRAGON, plood.</summary>
    <summary lang="el">Το κέλυφος Confluence plood από τον Jezz_X, Team XBMC, YLLOW_DRAGON, plood.</summary>
    <summary lang="en">Confluence plood skin by Jezz_X, Team XBMC, YLLOW_DRAGON, plood.</summary>
    <summary lang="en_AU">Confluence plood skin by Jezz_X, Team XBMC, YLLOW_DRAGON, plood.</summary>
    <summary lang="en_NZ">Confluence plood skin by Jezz_X, Team XBMC, YLLOW_DRAGON, plood.</summary>
    <summary lang="en_US">Confluence plood skin by Jezz_X, Team XBMC, YLLOW_DRAGON, plood.</summary>
    <summary lang="es">Confluence plood skin por Jezz_X, Team XBMC, YLLOW_DRAGON, plood.</summary>
    <summary lang="es_AR">Confluence plood skin por Jezz_X, Team XBMC, YLLOW_DRAGON, plood.</summary>
    <summary lang="es_MX">Skin confluende plood por Jezz_X, Team XBMC, YLLOW_DRAGON, plood.</summary>
    <summary lang="et">Confluence plood rüü autorilt Jezz_X, Team XBMC, YLLOW_DRAGON, plood.</summary>
    <summary lang="fi">Confluence plood-ulkoasu Jezz_X, Team XBMC, YLLOW_DRAGON, plood:ltä.</summary>
    <summary lang="fil">Confluence plood skin by Jezz_X, Team XBMC, YLLOW_DRAGON, plood.</summary>
    <summary lang="fo">Confluence plood útsjónd av Jezz_X, Team XBMC, YLLOW_DRAGON, plood.</summary>
    <summary lang="fr">Thème Confluence plood par Jezz_X, Team XBMC, YLLOW_DRAGON, plood.</summary>
    <summary lang="fr_CA">Habillage Confluence plood par Jezz_X, Team XBMC, YLLOW_DRAGON, plood.</summary>
    <summary lang="gl">Pel Confluence plood por Jezz_X, Team XBMC, YLLOW_DRAGON, plood.</summary>
    <summary lang="he">המעטפת Confluence plood של Jezz_X, Team XBMC, YLLOW_DRAGON, plood.</summary>
    <summary lang="hr">Confluence plood presvlaka autora Jezz_X, Team XBMC, YLLOW_DRAGON, plood.</summary>
    <summary lang="hu">Confluence plood felszín. Készítő: Jezz_X, Team XBMC, YLLOW_DRAGON, plood.</summary>
    <summary lang="hy">''Confluence plood'' - տեսք՝ Jezz_X, Team XBMC, YLLOW_DRAGON, plood.</summary>
    <summary lang="id">Skin Confluence plood oleh Jezz_X, Team XBMC, YLLOW_DRAGON, plood.</summary>
    <summary lang="is">Confluence plood eftir Jezz_X, Team XBMC, YLLOW_DRAGON, plood.</summary>
    <summary lang="it">Skin Confluence plood da Jezz_X, Team XBMC, YLLOW_DRAGON, plood.</summary>
    <summary lang="ja">Confluence plood スキン by Jezz_X, Team XBMC, YLLOW_DRAGON, plood.</summary>
    <summary lang="km">Confluence plood skin by Jezz_X, Team XBMC, YLLOW_DRAGON, plood.</summary>
    <summary lang="ko">Confluence plood 스킨 Jezz_X, Team XBMC, YLLOW_DRAGON, plood 만듦</summary>
    <summary lang="lt">Confluence plood teminė išvaizda, kurią sukūrė Jezz_X, Team XBMC, YLLOW_DRAGON, plood.</summary>
    <summary lang="lv">Confluence plood apvalks no Jezz_X, Team XBMC, YLLOW_DRAGON, plood.</summary>
    <summary lang="mk">Confluence plood skin by Jezz_X, Team XBMC, YLLOW_DRAGON, plood.</summary>
    <summary lang="ms">Penyatuan, kulit daripada Jezz_X, Team XBMC, YLLOW_DRAGON, plood.</summary>
    <summary lang="nl">Confluence plood skin door Jezz_X, Team XBMC, YLLOW_DRAGON, plood.</summary>
    <summary lang="no">Confluence plood-skall av Jezz_X, Team XBMC, YLLOW_DRAGON, plood.</summary>
    <summary lang="pl">Confluence plood autorstwa Jezz_X, Team XBMC, YLLOW_DRAGON, plood.</summary>
    <summary lang="pt">Tema "Confluence plood" por Jezz_X, Team XBMC, YLLOW_DRAGON, plood.</summary>
    <summary lang="pt_BR">Skin Confluence plood por Jezz_X, Team XBMC, YLLOW_DRAGON, plood.</summary>
    <summary lang="rm">Confluence plood skin da Jezz_X, Team XBMC, YLLOW_DRAGON, plood.</summary>
    <summary lang="ro">Costum Confluence plood de Jezz_X, Team XBMC, YLLOW_DRAGON, plood.</summary>
    <summary lang="ru">Обложка Confluence plood. Авторы: Jezz_X, Team XBMC, YLLOW_DRAGON, plood.</summary>
    <summary lang="sk">Confluence plood skin od Jezz_X, Team XBMC, YLLOW_DRAGON, plood.</summary>
    <summary lang="sl">Preobleka Confluence plood avtorja Jezz_X, Team XBMC, YLLOW_DRAGON, plood.</summary>
    <summary lang="sq">Maska Confluence plood nga Jezz_X, Team XBMC, YLLOW_DRAGON, plood.</summary>
    <summary lang="sv">Confluence plood, ett skal av Jezz_X, Team XBMC, YLLOW_DRAGON, plood.</summary>
    <summary lang="tg">Пӯсти ҳамҷараёнӣ аз ҷониби Jezz_X, Team XBMC, YLLOW_DRAGON, plood.</summary>
    <summary lang="th">ชุดตกแต่ง Confluence plood โดย  Jezz_X, Team XBMC, YLLOW_DRAGON, plood.</summary>
    <summary lang="tr">Jezz_X, Team XBMC, YLLOW_DRAGON, plood tarafından Confluence plood dış görünümü.</summary>
    <summary lang="uk">Обкладинка Confluence plood. Автори: Jezz_X, Team XBMC, YLLOW_DRAGON, plood.</summary>
    <summary lang="vi">Giao diện Confluence plood bởi Jezz_X, Team XBMC, YLLOW_DRAGON, plood.</summary>
    <summary lang="zh">Jezz_X, Team XBMC, YLLOW_DRAGON, plood 开发的 Confluence plood 皮肤</summary>
    <summary lang="zh_TW">Jezz_X, Team XBMC, YLLOW_DRAGON, plood 製作的佈景主題</summary>	
    <description lang="af">Confluence plood is die standaard tema vir Kodi 9.11 en op. Dit is 'n kombinasie van konsepte van 'n klomp gewilde temas, en 'n poging om hulle goeie idees te omvat en te integreer in 'n tema wat maklik behoort te wees vir eerste keer Kodi gebruikers om te verstaan en te gebruik.</description>
    <description lang="ar">"كونفليونس" هو الجلد المبدأى لبرنامج إكس بى إم سى اﻹصدار 9.11 وما فوق. هو خلط بين اشهر اﻷجلده الاخرى معاً ومحاوله لتبنى ودمج افكارهم للخروج بِنِتَاج يُفترض به ان يكون سهل اﻹستيعاب بمجرد النظر لمستخدمى إكس بى إم سى المبتدئين.</description>
    <description lang="be">Confluence plood is the default skin for Kodi 9.11 and above. It is a combination of concepts from many popular skins, and attempts to embrace and integrate their good ideas into a skin that should be easy for first time Kodi users to understand and use.</description>
    <description lang="bg">Confluence plood е стандартният облик на Kodi 9.11 и по-новите версии. Представлява смесица от концепциите на много от популярните облици. Целта е да се интегрират тези добри идеи в подходящ и удобен вид за хора, които се сблъскват за първи път с Kodi.</description>
    <description lang="ca">Confluence plood és la pell per defecte del Kodi 14.0 i superiors. És una combinació de conceptes de moltes pells populars que intenta adoptar i integrar les seves bones idees en una aparença que sigui senzilla d'entendre i utilitzar per els nous usuaris de Kodi.</description>
    <description lang="cs">Confluence plood je výchozí vzhled pro Kodi 9.11 a novější. Jedná se o kombinaci konceptů z mnoha jiných populárních vzhledů, která se pokouší uchopit a integrovat jejich dobré nápady do vzhledu, který by měl být pro nového uživatele Kodi jednoduchý na pochopení a používání.</description>
    <description lang="cy">Confluence plood yw croen rhagosodedig Kodi 9.11 ac uwch. Mae'n gyfuniad o gysyniadau o nifer o grwyn poblogaidd ac mae'n ymdrechu i gyfuno eu syniadau da hwy i groen ddylai fod yn hawdd i ddefnyddiwr cyntaf Kodi ei deall a'i ddefnyddio.</description>
    <description lang="da">Confluence plood er standardskin'et til Kodi 9.11 og senere versioner. Det er en kombination af koncepter fra mange populære skins, og det forsøger at omfavne og integrere de gode ideer i et skin, der er let for førstegangsbrugere af Kodi at forstå og bruge.</description>
    <description lang="de">Confluence plood ist der Standardskin ab Kodi 14.0. Er ist eine Kombination mehrerer unterschiedlicher Skin-Konzepte und versucht dabei die besten Ideen zu kombinieren, um einen einfachen Einstieg für neue Kodi-Nutzer zu ermöglichen.</description>
    <description lang="el">Το Confluence plood είναι το προεπιλεγμένο κέλυφος για τις εκδόσεις Kodi 9.11 και άνω. Είναι ένας συνδυασμός από πολλά δημοφιλή κελύφη, και επιχειρεί να συμπεριλάβει τις καλύτερες ιδέες τους σε ένα κέλυφος το οποίο είναι εύκολο σε αρχάριους χρήστες του Kodi να κατανοήσουν και χρησιμοποιήσουν.</description>
    <description lang="en">Confluence plood is the modernized skin for KODI. It is a combination of concepts from many popular skins, and attempts to embrace and integrate their good ideas into a skin that should be easy for first time Kodi users to understand and use.</description>
    <description lang="en_AU">Confluence plood is the modernized skin for KODI. It is a combination of concepts from many popular skins, and attempts to embrace and integrate their good ideas into a skin that should be easy for first time Kodi users to understand and use.</description>
    <description lang="en_NZ">Confluence plood is the modernized skin for KODI. It is a combination of concepts from many popular skins, and attempts to embrace and integrate their good ideas into a skin that should be easy for first time Kodi users to understand and use.</description>
    <description lang="en_US">Confluence plood is the modernized skin for KODI. It is a combination of concepts from many popular skins, and attempts to embrace and integrate their good ideas into a skin that should be easy for first time Kodi users to understand and use.</description>
    <description lang="es">Confluence plood es la skin por defecto de Kodi 9.11 y posteriores. Es una combinación de conceptos de muchas skins populares, e intenta abarcar e integrar lo mejor de ellas en una skin que sea sencilla de entender y utilizar para los nuevos usuarios de Kodi.</description>
    <description lang="es_AR">Confluence plood es el skin por defecto de Kodi 9.11 y posteriores. Es una combinación de conceptos de muchos skins populares, e intenta abarcar e integrar lo mejor de ellos en un skin que sea sencillo de entender y utilizar para los nuevos usuarios de Kodi.</description>
    <description lang="es_MX">Confluence plood es el skin por defecto para Kodi 9.11 en adelante. Es una combinación de conceptos de varias skins populares, e intenta adoptar e integrar sus buenas ideas en un skin que debería ser fá de entender y usar para quienes usen Kodi por primera vez.</description>
    <description lang="et">Confluence plood on Kodi vaikerüü alates versioonist 9.11. Confluence plood on paljude populaarsete rüüde kombinatsioon, üritades omavahel siduda nende parimaid lahendusi, et saavutada esmakasutajale selget ja kergelt kasutatavat tulemust.</description>
    <description lang="fi">Confluence plood on oletusulkoasu Kodi:n versiosta 9.11 lähtien. Se on yhdistelmä useiden suosittujen ulkoasujen konsepteista, ja yritys omaksua ja integroida heidän hyvät ideat ulkoasuun, jonka pitäisi olla helppokäyttöinen ja -tajuinen kaikille Kodi:n käyttäjille.</description>
    <description lang="fil">Ang Confluence plood ay ang default skin ng Kodi 9.11 at pataas. Ito ay kombinasyon ng mga konsepto at pagsubok paghaluin ang mga mahusay na ideya mula sa maraming popular na skins para ito ay maging madali sa mga unang beses gumamit ng Kodi.</description>
    <description lang="fo">Confluence plood er vanliga útsjóndin, sum er brúkt í Kodi síðan útg. 9.11. Hetta er ein samansjóðan av fleiri hugtøkum. Ætlanin er at útsjóndin skal lætta um móttøku og nýtslu av Kodi fyri nýggjar brúkarar.</description>
    <description lang="fr">Confluence plood est le thème par défaut à partir de Kodi 14.0. Reprenant les concepts issus de plusieurs thèmes populaires, il est une tentative d'inclusion et d'intégration des meilleures idées afin d'en rendre la compréhension et l'utilisation faciles y compris par des débutants.</description>
    <description lang="fr_CA">Confluence plood est l'habillage par défaut pour Kodi 9.11 et ultérieur. C'est une combinaison des concepts issus de plusieurs habillages populaires et une tentative d'inclure et d'intégrer leurs bonnes idées en un habillage qui devrait être facile à comprendre et à utiliser pour les utilisateurs débutants de Kodi.</description>
    <description lang="gl">Confluence plood é a pel predeterminada para Kodi 9.11 e posteriores. É unha combinación de conceptos de algunhas peles populares, e tenta abranguer e integrar  as súas mellores ideas nunha pel que sexa fácil de entender e utilizar para as usuarias que utilizan por primeira vez Kodi.</description>
    <description lang="he">המעטפת Confluence plood היא מעטפת ברירת המחדל של Kodi. המעטפת הינה תוצר של אימוץ מאפיינים ממעטפות פופולריות רבות תוך רצון לשלב מאפיינים אלה למעטפת פשוטה לשימוש ולהכרה ראשונית ע"י משתמשי Kodi חדשים.</description>
    <description lang="hr">Confluence plood je uobičajena presvlaka za Kodi 14.0 naviše. To je mješavina koncepta iz mnogih drugih popularnih presvlaka, pokušaj da se objedine njihove dobre osobine u presvlaku i da budu lagane za upotrebu i razumljive novim Kodi korisnicima.</description>
    <description lang="hu">A Confluence plood az alapértelmezett felszín a Kodihoz a 9.11-es verziótól kezdődően. Merít sok sok népszerű felszín elképzeléséből, megpróbálva vegyíteni a jó ötleteket úgy, hogy az könnyen kezelhető legyen a Kodival először találkozóknak is.</description>
    <description lang="id">Confluence plood merupakan skin bawaan untuk Kodi 9.11 dan selanjutnya. Merupakan kombinasi konsep dari beberapa skin populer, dan berusaha untuk merangkul dan menyatukan ide bagus mereka ke sebuah skin yang mudah dipakai dan dipahami oleh pengguna Kodi pertama kali.</description>
    <description lang="is">Confluence plood er sjálfgefið útlit Kodi 9.11 og nýrra. Það er samsetning hugmynda frá mörgum vinsælum útlitum og er tilraun til að fanga og innlima þær góðu hugmyndir í útlit þar sem hugmyndin er að skuli vera einfalt fyrir fyrir nýja Kodi notendur að skilja og nota</description>
    <description lang="it">Confluence plood è la skin predefinita di Kodi dalla versione 14.0 in poi. È una combinazione di elementi provenienti da altre skin popolari e cerca di integrare e coinvolgere tutte le loro grandi idee in una skin facile da usare e comprendere per l'utente inesperto di Kodi.</description>
    <description lang="ja">Confluence plood は Kodi 9.11 およびそれ以上のバージョンで標準のスキンです。さまざまな人気のスキンのコンセプトを組み合わせ、ユーザが初めて Kodi に触れる際に便利に使えるようにしてあります。</description>
    <description lang="km">Confluence plood គឺ ជាស្គីនចំបងរបស់ Kodi 9.11 and about. It is a combination of concepts from many popular skins, and attempts to embrace and integrate their good ideas into a skin that should be easy for first time Kodi users to understand and use.</description>
    <description lang="ko">Confluence plood 는 Kodi 9.11 이상의 기본 스킨입니다. 많은 인기 스킨의 컨셉과 좋은 아이디어를 모아서 하나의 스킨으로 만들었으며 초보자도 사용하기 쉽습니다.</description>
    <description lang="lt">Confluence plood yra numatytoji teminė išvaizda pradedant Kodi 9.11 versija. Tai daugelio populiarių teminų išvaizdų derinys. Bandymas priimti ir integruoti vartotojų idėjas į teminę išvaizdą katra turėtų būti lengvai suprantama  pirmą kartą naudojantiems Kodi</description>
    <description lang="lv">Confluence plood ir Kodi 9.11 un jaunāku versiju noklusētais apvalks. Tajā apvienota daudzu populāru apvalku koncepcija un centieni pieņemt un integrēt labākās idejas, lai jaunajiem Kodi ietotājiem to būtu viegli izprast un lietot.</description>
    <description lang="mk">Confluence plood е основниот изглед на Kodi 14.0 и нагоре. Тој е комбинација на концепти од повеќе популарни изгледи, и настојува да ги обедини и истакне нивните добри идеи во еден изглед разбирлив за почетници.</description>
    <description lang="ms">Penyatuan ialah kulit lalai untuk Kodi 9.11 dan ke atas. Ia merupakan gabungan konsep dari pelbagai kulit terkenal, dan berusaha untuk merangkumkan dan menyepadukan idea baik kulit-kulit tersebut menjadi satu kulit yang mudah difahami dan digunakan oleh pengguna baru Kodi .</description>
    <description lang="nl">Confluence plood is de standaard skin voor Kodi 15.0 en hoger. Het combineert de concepten van andere populaire skins, waarbij het tracht hun goede ideeën te integreren in een skin die gemakkelijk in gebruik is.</description>
    <description lang="no">Confluence plood er standardskallet for Kodi 9.11 og oppover. Det er en kombinasjon av konseptene fra mange populære skall, og prøver å omfavne og integrere de gode idéene i et skall som bør være lett å forstå og benytte seg av for nye Kodi-brukere.</description>
    <description lang="pl">Confluence plood jest domyślną skóra dla Kodi w wersji 9.11 lub nowszych. Jest kombinacją pomysłów z wielu popularnych skór i próbą zawarcia tego, co w nich najlepsze w skórze, która będzie łatwa do opanowania dla początkującego użytkownika.</description>
    <description lang="pt">O tema "Confluence plood" é o tema predefinido do Kodi 9.11 e superior. É uma combinação de conceitos a partir de muitos temas populares e tenta integrar as boas ideias dos mesmos, num tema que deverá ser fácil de entender e utilizar para os novos utilizadores do Kodi.</description>
    <description lang="pt_BR">Confluence plood é a skin padrão do Kodi 9.11 e acima. É uma combinação de conceitos das mais populares skins, visando abraçar e integrar as boas ideias em uma skin  que seja fácil de entender e usar, destinada  aos usuários iniciantes do Kodi. </description>
    <description lang="ro">Confluence plood este costumul implicit pentru Kodi 9.11 și versiunile ulterioare. Este o combinație de concepte împrumutate de la mai multe costume populare, care încearcă să îmbrățișeze și să integreze ideile lor bune într-un costum care să fie ușor de înțeles și folosit de către utilizatorii Kodi începători.</description>	
    <description lang="ru">Confluence plood — это модернизированная обложка KODI. Она представляет собой сочетание концепций, взятых из многих популярных обложек, в попытке интегрировать их удачные идеи в обложке, которая была простой для использования и понимания новыми пользователями KODI.</description>
    <description lang="sk">Confluence plood je predvolený pre Kodi 9.11 a vyššie. Je kombináciou konceptov z mnoho populárnych skinov a pokusom integrovať ich dobré nápady do skinu, ktorý by bol ľahko zrozumiteľný a použiteľný pre nových používateľov Kodi.</description>
    <description lang="sl">Confluence plood je privzeta preobleka za Kodi 14.0 in novejše. Je kombinacija konceptov mnogih priljubljenih preoblek in poskuša zaobjeti in integrirati njihove dobre ideje v preobleko, ki bi bila preprosta za uporabo in razumevanje tudi novim uporabnikom.</description>
    <description lang="sq">Confluence plood është maska kryesore për Kodi 9.11 dhe verzionet më të lartë. Është nje kombinim nga shumë maska e popullarizuar dhe përpjeket për të përqafuar dhe integruar idetë më të mira në një maskë që të jetë sa më lehtë në përdorim dhe kuptim për përdoruasit duke e përdorur Kodi për herë të parë.</description>
    <description lang="sv">Confluence plood är standardskal för Kodi 9.11 och senare. Det är en kombination av koncept från många populära skal i ett försök att använda och integrera flera goda idéer till ett skal som är enkelt för användare som precis har börjat använda Kodi att förstå och använda.</description>
    <description lang="tg">Пӯсти ҳамҷараёнӣ ҳамчун пӯсти пешфарз барои Kodi 9.11 ё версияи навтар истифода мешавад. Ин пӯст аз унсурҳои пӯстҳои машҳури дигар сохта шудааст ва ва ҳамаи фикрҳои беҳтарин дар як пӯст ҷамъ мекунад, то ки корбарони навомад тавонанд Kodi-ро ба осонӣ фаҳманд ва истифода баранд.</description>
    <description lang="th">Confluence plood เป็นสกินเริ่มต้นสำหรับ Kodi 9.11 หรือสูงกว่า มันเป็นส่วนผสมของแนวคิดจากสกินที่ได้รับความนิยมและพยายามที่จะยอมรับและบูรณาการส่วนที่ดีของมันเข้าไปในสกิน ซึ่งน่าจะง่ายสำหรับผู้ใช้ Kodiใหม่ ที่จะเข้าใจและใช้งานได้ดี</description>
    <description lang="tr">Confluence plood Kodi 9.11 ve yukarısı için varsayılan dış görünümdür. Birçok popüler dış görünümün kavramlarını bir araya getirip ilk kez Kodi kullananlar için anlaşılması ve kullanımı kolaydır.</description>
    <description lang="uk">Confluence plood — це модернізована обкладинка Kodi. Концепції багатьох популярних обкладинок поєднано у спробі використати та інтегрувати їхні вдалі ідеї в обкладинці, що стала б зрозумілою та простою в застосуванні для нових користувачів Kodi.</description>
    <description lang="vi">Confluence plood là giao diện mặc định cho Kodi 9.11 and các phiên bản trở về trước. Đây là sự kết hợp các khái niệm đến từ các giao diện khác nhau nhằm hướng người dùng đến sự đơn giản và dễ sử dụng.</description>
    <description lang="zh">在 Kodi 9.11 之后的版本中 Confluence plood 是默认皮肤。它集合了许多流行皮肤的创意，力求把这些优点融合到一个皮肤中，使得首次使用 Kodi 的用户能更容易上手。</description>
    <description lang="zh_TW">Confluence plood 是從 Kodi 9.11 開始預設的佈景主題。它結合了許多受歡迎的佈景主題的概念，且試圖包含並整合它們的優點，使第一次使用 Kodi 的使用者可以簡單地上手。</description>	
    <platform>all</platform>
  </extension>
</addon>
