﻿<?xml version="1.0" encoding="UTF-8" standalone="yes"?>
<addon id="plugin.video.torrent.gnu"
       name=".torrent Player"
       version="0.3.0"
       provider-name="nuismons">
    <requires>
        <import addon="xbmc.python" version="2.1.0" />
		<import addon="script.module.torrent.ts"/>
		<import addon="script.module.beautifulsoup"/>
    </requires>
    <extension point="xbmc.python.pluginsource" provides="video" library="default.py">
        <provides>video</provides>
    </extension>
    <extension point="xbmc.addon.metadata">
        <summary>Просмотр Торрент файлов</summary>
        <description>Тестирование TorrentStream</description>
        <platform>all</platform>
    </extension>
</addon>
