﻿<?xml version="1.0" encoding="UTF-8" standalone="yes"?>
<addon id="plugin.video.galileo-tv.ru"
       name="[COLOR FF00FF00]Галилео ([/COLOR][COLOR FFFFF000]galileo-tv.ru[/COLOR][COLOR FF00FF00])[/COLOR]"
       version="1.0.2"
       provider-name="Silen">
  <requires>
    <import addon="xbmc.python" version="2.1.0"/>
  </requires>
  <extension point="xbmc.python.pluginsource"
             provides="video"
             library="default.py">
    <provides>video</provides>
  </extension>
  <extension point="xbmc.addon.metadata">
    <summary>my-hit.ru</summary>
    <description>Галилео - телевизионная развлекательно-познавательная программа канала СТС.
Выходит с понедельника по пятницу в 17:30. 
Дайджест «Галилео» можно увидеть по воскресеньям в 11:00.
Ведущий — Александр Пушной. 
Производит программу ООО «ГалилеоМедиа» по лицензии и при содействии «Victoria Production» и «SevenOne International». 
Наш проект является русским вариантом немецкой программы «Galileo» канала ProSieben.
</description>
    <platform>all</platform>
  </extension>
</addon>

