﻿<?xml version="1.0" encoding="UTF-8" standalone="yes"?>
<addon id="plugin.video.music.ivi.ru" name="music.ivi.ru" version="0.1.1" provider-name="ivi.ru">
  <requires>
    <import addon="xbmc.python" version="2.1.0" />
  </requires>
  <extension point="xbmc.python.pluginsource" provides="video" library="default.py"><provides>video</provides></extension>
  <extension point="xbmc.addon.metadata">
	<language>ru</language>
    <summary>Клипы: смотреть видео клипы онлайн, слушать музыку онлайн, видеоклипы бесплатно и без регистрации — music.ivi.ru</summary>
    <description>Клипы: смотреть видео клипы онлайн, слушать музыку онлайн, видеоклипы бесплатно и без регистрации — music.ivi.ru</description>
    <platform>all</platform>
  </extension>
</addon>

