<?xml version="1.0" encoding="utf-8"?>
<includes>
	<variable name="InfoBarStats" type="text">
		<value condition="Container(9000).HasFocus(2)">[B][COLOR=$INFO[Skin.String(menuColor)]]$LOCALIZE[20342]: [/COLOR][/B]$INFO[Window.Property(Movies.Count)]  [B][COLOR=$INFO[Skin.String(menuColor)]]$LOCALIZE[20343]: [/COLOR][/B]$INFO[Window.Property(TVShows.Count)]  [B][COLOR=$INFO[Skin.String(menuColor)]]$LOCALIZE[20389]: [/COLOR][/B]$INFO[Window.Property(MusicVideos.Count)]</value>
		<value condition="Container(9000).HasFocus(10)">[B][COLOR=$INFO[Skin.String(menuColor)]]$LOCALIZE[20342]: [/COLOR][/B]$INFO[Window.Property(Movies.Count)]  [B][COLOR=$INFO[Skin.String(menuColor)]]$LOCALIZE[16102]: [/COLOR][/B]$INFO[Window.Property(Movies.Watched)]  [B][COLOR=$INFO[Skin.String(menuColor)]]$LOCALIZE[16101]: [/COLOR][/B]$INFO[Window.Property(Movies.UnWatched)]</value>
		<value condition="Container(9000).HasFocus(11)">[B][COLOR=$INFO[Skin.String(menuColor)]]$LOCALIZE[20343]: [/COLOR][/B]$INFO[Window.Property(TVShows.Count)]  [B][COLOR=$INFO[Skin.String(menuColor)]]$LOCALIZE[20360]: [/COLOR][/B]$INFO[Window.Property(Episodes.Count)]  [B][COLOR=$INFO[Skin.String(menuColor)]]$LOCALIZE[16101]: [/COLOR][/B]$INFO[Window.Property(Episodes.UnWatched)]</value>
		<value condition="Container(9000).HasFocus(14)">[B][COLOR=$INFO[Skin.String(menuColor)]]$LOCALIZE[20389]: [/COLOR][/B]$INFO[Window.Property(MusicVideos.Count)]  [B][COLOR=$INFO[Skin.String(menuColor)]]$LOCALIZE[16102]: [/COLOR][/B]$INFO[Window.Property(MusicVideos.Watched)]  [B][COLOR=$INFO[Skin.String(menuColor)]]$LOCALIZE[16101]: [/COLOR][/B]$INFO[Window.Property(MusicVideos.UnWatched)]</value>
		<value condition="Container(9000).HasFocus(3)">[B][COLOR=$INFO[Skin.String(menuColor)]]$LOCALIZE[132]: [/COLOR][/B]$INFO[Window.Property(Music.AlbumsCount)]  [B][COLOR=$INFO[Skin.String(menuColor)]]$LOCALIZE[133]: [/COLOR][/B]$INFO[Window.Property(Music.ArtistsCount)]  [B][COLOR=$INFO[Skin.String(menuColor)]]$LOCALIZE[134]: [/COLOR][/B]$INFO[Window.Property(Music.SongsCount)]</value>
		<value condition="Container(9000).HasFocus(6) + System.HasMediaDVD">[B][COLOR=$INFO[Skin.String(menuColor)]]$LOCALIZE[427]: [/COLOR][/B]$INFO[System.DVDLabel]</value>
		<value condition="Container(9000).HasFocus(6) + !System.HasMediaDVD">[B][COLOR=$INFO[Skin.String(menuColor)]]$LOCALIZE[427]: [/COLOR][/B]$LOCALIZE[88122]</value>
		<value condition="Container(9000).HasFocus(7) + Weather.IsFetched">[B][COLOR=$INFO[Skin.String(menuColor)]]$LOCALIZE[143][/COLOR][/B] $INFO[Window(Weather).Property(Current.Temperature)]$INFO[System.TemperatureUnits]  [B][COLOR=$INFO[Skin.String(menuColor)]]$LOCALIZE[88121]: [/COLOR][/B]$INFO[Window(Weather).Property(Day0.Outlook)]</value>
		<value condition="!substring(System.CPUTemperature,?) + !substring(System.GPUTemperature,?)">[B][COLOR=$INFO[Skin.String(menuColor)]]IP: [/COLOR][/B]$INFO[Network.IPAddress]  [B][COLOR=$INFO[Skin.String(menuColor)]]CPU: [/COLOR][/B]$INFO[System.CPUTemperature]  [B][COLOR=$INFO[Skin.String(menuColor)]]GPU: [/COLOR][/B]$INFO[System.GPUTemperature]</value>
		<value condition="!substring(System.CPUTemperature,?)">[B][COLOR=$INFO[Skin.String(menuColor)]]IP: [/COLOR][/B]$INFO[Network.IPAddress]  [B][COLOR=$INFO[Skin.String(menuColor)]]CPU: [/COLOR][/B]$INFO[System.CPUTemperature]  [B][COLOR=$INFO[Skin.String(menuColor)]]$LOCALIZE[155]: [/COLOR][/B]$INFO[System.UsedSpacePercent]</value>
		<value>[COLOR=$INFO[Skin.String(menuColor)]][B]IP: [/B][/COLOR]$INFO[Network.IPAddress]  [COLOR=$INFO[Skin.String(menuColor)]][B]RAM: [/B][/COLOR]$INFO[system.memory(used.percent)]  [COLOR=$INFO[Skin.String(menuColor)]][B]$LOCALIZE[155]: [/B][/COLOR]$INFO[System.UsedSpacePercent]</value>
	</variable>
</includes>
