<?xml version="1.0" encoding="utf-8" standalone="yes"?>
<addon id="plugin.video.cScVOD"
       name="[COLOR FF00FF00]cScVOD[/COLOR]"
       version="2.0.0"
       provider-name="CSC">
  <requires>
    <import addon="xbmc.python" version="2.1.0"/>
	<import addon="plugin.video.youtube"/>
  </requires>
  <extension point="xbmc.python.pluginsource" provides="video" library="addon.py">
    <provides>video</provides>
  </extension>
  <extension point="xbmc.addon.metadata">
    <summary>cScVOD</summary>
    <description>Удобный аддон с лучшими мультимедиа сайтами</description>
    <platform>all</platform>
  </extension>
</addon>