<?xml version="1.0" encoding="UTF-8"?>
<window>
	<defaultcontrol always="true">9000</defaultcontrol>
	<allowoverlay>no</allowoverlay>	
	<onload condition="IsEmpty(Skin.String(MenuColor))">Skin.SetString(MenuColor,blue,)</onload>
	<onload condition="Window.Previous(startup)">control.move(9000,$INFO[Skin.String(CustomFocus)])</onload>
	<onunload condition="Container(9000).Hasfocus(10) | Container(9000).Hasfocus(11) | ControlGroup(9010).HasFocus | ControlGroup(9016).HasFocus | ControlGroup(9017).HasFocus">SetProperty(VideosDirectLink,True)</onunload>
	<onunload condition="Control.HasFocus(9000) + Container(9000).Hasfocus(2)">ClearProperty(VideosDirectLink)</onunload>
	<onload condition="!IsEmpty(Weather.Plugin) + !Weather.IsFetched">Weather.Refresh</onload>
	<controls>
		<include>CommonBackground</include>
		<control type="image">
			<left>0</left>
			<top>90r</top>
			<width>1280</width>
			<height>90</height>
			<texture>floor.png</texture>
			<animation effect="fade" time="250" condition="Window.Previous(Home)">WindowOpen</animation>
			<animation effect="fade" time="250" condition="Window.Next(Home)">WindowClose</animation>
			<visible>!Skin.HasSetting(NoFloor)</visible>
		</control>
		<control type="image">
			<description>LOGO</description>
			<left>10</left>
			<top>5</top>
			<width>120</width>
			<height>49</height>
			<aspectratio aligny="top" align="left">keep</aspectratio>
			<texture>kodi-logo.png</texture>
			<include>VisibleFadeEffect</include>
			<include>Window_OpenClose_Animation</include>
			<visible>!Skin.HasSetting(homepageWeatherinfo) + !Skin.HasSetting(NoLogo)</visible>
		</control>
		<!-- Music Info -->
		<control type="group">
			<left>0</left>
			<top>60</top>
			<visible>Player.HasAudio + !Skin.HasSetting(homepageMusicinfo)</visible>
			<animation effect="slide" start="0,0" end="0,155" time="0" condition="Skin.HasSetting(LowerMenu)">Conditional</animation>
			<include>VisibleFadeEffect</include>
			<include>Window_OpenClose_Animation</include>
			<control type="image">
				<description>Cover image</description>
				<left>20</left>
				<top>45</top>
				<width>130</width>
				<height>295</height>
				<aspectratio aligny="bottom">keep</aspectratio>
				<texture fallback="DefaultAlbumCover.png">$INFO[Player.Art(thumb)]</texture>
				<bordertexture border="8">ThumbBorder.png</bordertexture>
				<bordersize>5</bordersize>
			</control>
			<control type="label">
				<description>Album Label</description>
				<left>170</left>
				<top>265</top>
				<height>25</height>
				<width>1000</width>
				<label>$INFO[MusicPlayer.Artist,, - ]$INFO[MusicPlayer.Album]$INFO[musicplayer.discnumber, - $LOCALIZE[427]:]</label>
				<align>left</align>
				<aligny>center</aligny>
				<font>font12</font>
				<textcolor>white</textcolor>
				<shadowcolor>black</shadowcolor>
			</control>
			<control type="label">
				<description>Title label</description>
				<left>170</left>
				<top>285</top>
				<height>30</height>
				<width>1000</width>
				<label>$INFO[Player.Title]</label>
				<align>left</align>
				<aligny>center</aligny>
				<font>font13_title</font>
				<textcolor>white</textcolor>
				<shadowcolor>black</shadowcolor>
			</control>
			<control type="label">
				<description>Time Label</description>
				<left>170</left>
				<top>310</top>
				<height>30</height>
				<width>300</width>
				<label>$INFO[Player.Time]$INFO[Player.Duration,[COLOR=blue] / [/COLOR]]</label>
				<align>left</align>
				<aligny>center</aligny>
				<font>font12</font>
				<textcolor>white</textcolor>
				<shadowcolor>black</shadowcolor>
			</control>
		</control>
		<!-- LiveTV Info -->
		<control type="group">
			<left>490r</left>
			<top>70</top>
			<visible>Container(9000).HasFocus(12) + [PVR.IsRecording | PVR.HasNonRecordingTimer]</visible>
			<include>VisibleFadeEffect</include>
			<include>Window_OpenClose_Animation</include>
			<animation effect="fade" start="100" end="0" time="200" condition="Window.IsActive(Favourites)">conditional</animation>
			<control type="group">
				<animation effect="slide" start="0,0" end="0,100" time="0" condition="PVR.IsRecording">conditional</animation>
				<visible>PVR.HasNonRecordingTimer</visible>
				<control type="image">
					<left>0</left>
					<top>-5</top>
					<width>490</width>
					<height>90</height>
					<texture>gradient.png</texture>
				</control>
				<control type="image">
					<left>400</left>
					<top>0</top>
					<width>80</width>
					<height>80</height>
					<aspectratio>keep</aspectratio>
					<texture background="true" fallback="DefaultVideoCover.png">$INFO[PVR.NextRecordingChannelIcon]</texture>
					<bordertexture border="8">ThumbBorder.png</bordertexture>
					<bordersize>4</bordersize>
				</control>
				<control type="image">
					<left>365</left>
					<top>5</top>
					<width>25</width>
					<height>25</height>
					<aspectratio>keep</aspectratio>
					<texture>PVR-HasTimer.png</texture>
				</control>
				<control type="label">
					<description>Next Timer Header label</description>
					<left>-45</left>
					<top>5</top>
					<height>25</height>
					<width>400</width>
					<label>$LOCALIZE[19157]</label>
					<align>right</align>
					<aligny>center</aligny>
					<font>font12_title</font>
					<textcolor>blue</textcolor>
					<shadowcolor>black</shadowcolor>
				</control>
				<control type="label">
					<description>NextRecordingDateTime</description>
					<left>-10</left>
					<top>30</top>
					<height>25</height>
					<width>400</width>
					<label>$INFO[PVR.NextRecordingDateTime,$LOCALIZE[19126] - ]</label>
					<align>right</align>
					<aligny>center</aligny>
					<font>font12</font>
					<scroll>true</scroll>
					<shadowcolor>black</shadowcolor>
				</control>
				<control type="label">
					<description>NextRecordingTitle Channel</description>
					<left>-410</left>
					<top>50</top>
					<height>25</height>
					<width>800</width>
					<label>$INFO[PVR.NextRecordingTitle][COLOR=grey]$INFO[PVR.NextRecordingChannel, - [COLOR=blue]([/COLOR],[COLOR=blue])[/COLOR]][/COLOR]</label>
					<align>right</align>
					<aligny>center</aligny>
					<font>font12_title</font>
					<shadowcolor>black</shadowcolor>
					<scroll>true</scroll>
				</control>
			</control>
			<control type="group">
				<visible>PVR.IsRecording</visible>
				<control type="image">
					<left>0</left>
					<top>-5</top>
					<width>490</width>
					<height>90</height>
					<texture>gradient.png</texture>
				</control>
				<control type="image">
					<left>400</left>
					<top>0</top>
					<width>80</width>
					<height>80</height>
					<aspectratio>keep</aspectratio>
					<texture background="true" fallback="DefaultVideoCover.png">$INFO[PVR.NowRecordingChannelIcon]</texture>
					<bordertexture border="8">ThumbBorder.png</bordertexture>
					<bordersize>4</bordersize>
				</control>
				<control type="image">
					<left>360</left>
					<top>5</top>
					<width>30</width>
					<height>25</height>
					<aspectratio>keep</aspectratio>
					<texture>PVR-IsRecording.png</texture>
				</control>
				<control type="label">
					<description>Is Recording Header label</description>
					<left>-50</left>
					<top>5</top>
					<height>25</height>
					<width>400</width>
					<label>$LOCALIZE[19158]</label>
					<align>right</align>
					<aligny>center</aligny>
					<font>font12_title</font>
					<textcolor>blue</textcolor>
					<shadowcolor>black</shadowcolor>
				</control>
				<control type="label">
					<description>NextRecordingDateTime</description>
					<left>-10</left>
					<top>30</top>
					<height>25</height>
					<width>400</width>
					<label>$INFO[PVR.NowRecordingDateTime,$LOCALIZE[19126] - ]</label>
					<align>right</align>
					<aligny>center</aligny>
					<font>font12</font>
					<scroll>true</scroll>
					<shadowcolor>black</shadowcolor>
				</control>
				<control type="label">
					<description>NextRecordingTitle Channel</description>
					<left>-410</left>
					<top>50</top>
					<height>30</height>
					<width>800</width>
					<label>$INFO[PVR.NowRecordingTitle][COLOR=grey]$INFO[PVR.NowRecordingChannel, - [COLOR=blue]([/COLOR],[COLOR=blue])[/COLOR]][/COLOR]</label>
					<align>right</align>
					<aligny>center</aligny>
					<font>font12_title</font>
					<shadowcolor>black</shadowcolor>
					<scroll>true</scroll>
				</control>
			</control>
		</control>
		<!-- Video Info -->
		<control type="group">
			<left>0</left>
			<top>50</top>
			<animation effect="slide" start="0,0" end="0,155" time="0" condition="Skin.HasSetting(LowerMenu)">Conditional</animation>
			<visible>Player.HasVideo + !Skin.HasSetting(homepageVideoinfo)</visible>
			<include>VisibleFadeEffect</include>
			<include>Window_OpenClose_Animation</include>
			<control type="group">
				<visible>!VideoPlayer.Content(Movies) + !VideoPlayer.Content(Episodes) + !VideoPlayer.Content(LiveTV)</visible>
				<control type="image">
					<description>Cover image</description>
					<left>20</left>
					<top>45</top>
					<width>150</width>
					<height>300</height>
					<aspectratio aligny="bottom">keep</aspectratio>
					<texture fallback="DefaultVideoCover.png">$INFO[Player.Art(thumb)]</texture>
					<bordertexture border="8">ThumbBorder.png</bordertexture>
					<bordersize>5</bordersize>
				</control>
				<control type="label">
					<description>Title label</description>
					<left>190</left>
					<top>285</top>
					<height>30</height>
					<width>1000</width>
					<label>$INFO[Player.Title]</label>
					<align>left</align>
					<aligny>center</aligny>
					<font>font13_title</font>
					<textcolor>white</textcolor>
					<shadowcolor>black</shadowcolor>
				</control>
				<control type="label">
					<description>Time Label</description>
					<left>190</left>
					<top>310</top>
					<height>30</height>
					<width>300</width>
					<label>$INFO[Player.Time]$INFO[Player.Duration,[COLOR=blue] / [/COLOR]]</label>
					<align>left</align>
					<aligny>center</aligny>
					<font>font12</font>
					<textcolor>white</textcolor>
					<shadowcolor>black</shadowcolor>
				</control>
			</control>
			<control type="group">
				<visible>VideoPlayer.Content(LiveTV)</visible>
				<control type="image">
					<description>Cover image</description>
					<left>20</left>
					<top>45</top>
					<width>120</width>
					<height>300</height>
					<aspectratio aligny="bottom">keep</aspectratio>
					<texture fallback="DefaultVideoCover.png">$INFO[Player.Art(thumb)]</texture>
					<bordertexture border="8">ThumbBorder.png</bordertexture>
					<bordersize>5</bordersize>
				</control>
				<control type="label">
					<description>Channel label</description>
					<left>160</left>
					<top>265</top>
					<height>25</height>
					<width>660</width>
					<label>$INFO[VideoPlayer.ChannelName]</label>
					<align>left</align>
					<aligny>center</aligny>
					<font>font12</font>
					<textcolor>white</textcolor>
					<shadowcolor>black</shadowcolor>
				</control>
				<control type="label">
					<description>Title label</description>
					<left>160</left>
					<top>285</top>
					<height>30</height>
					<width>1000</width>
					<label>$INFO[Player.Title]</label>
					<align>left</align>
					<aligny>center</aligny>
					<font>font13_title</font>
					<textcolor>white</textcolor>
					<shadowcolor>black</shadowcolor>
				</control>
				<control type="label">
					<description>Time Label</description>
					<left>160</left>
					<top>310</top>
					<height>30</height>
					<width>300</width>
					<label>$INFO[Player.Time]$INFO[Player.Duration,[COLOR=blue] / [/COLOR]]</label>
					<align>left</align>
					<aligny>center</aligny>
					<font>font12</font>
					<textcolor>white</textcolor>
					<shadowcolor>black</shadowcolor>
				</control>
			</control>
			<control type="group">
				<visible>VideoPlayer.Content(Movies)</visible>
				<control type="image">
					<description>Cover image</description>
					<left>20</left>
					<top>45</top>
					<width>120</width>
					<height>300</height>
					<aspectratio aligny="bottom">keep</aspectratio>
					<texture fallback="DefaultVideoCover.png">$INFO[Player.Art(thumb)]</texture>
					<bordertexture border="8">ThumbBorder.png</bordertexture>
					<bordersize>5</bordersize>
				</control>
				<control type="label">
					<description>Studio label</description>
					<left>160</left>
					<top>265</top>
					<height>25</height>
					<width>1000</width>
					<label>$INFO[VideoPlayer.Studio]</label>
					<align>left</align>
					<aligny>center</aligny>
					<font>font12</font>
					<textcolor>white</textcolor>
					<shadowcolor>black</shadowcolor>
				</control>
				<control type="label">
					<description>Title label</description>
					<left>160</left>
					<top>285</top>
					<height>30</height>
					<width>1000</width>
					<label>$INFO[Player.Title]$INFO[VideoPlayer.Year,[COLOR=grey] (,)[/COLOR]]</label>
					<align>left</align>
					<aligny>center</aligny>
					<font>font13_title</font>
					<textcolor>white</textcolor>
					<shadowcolor>black</shadowcolor>
				</control>
				<control type="label">
					<description>Time Label</description>
					<left>160</left>
					<top>310</top>
					<height>30</height>
					<width>300</width>
					<label>$INFO[Player.Time]$INFO[Player.Duration,[COLOR=blue] / [/COLOR]]</label>
					<align>left</align>
					<aligny>center</aligny>
					<font>font12</font>
					<textcolor>white</textcolor>
					<shadowcolor>black</shadowcolor>
				</control>
			</control>
			<control type="group">
				<visible>VideoPlayer.Content(Episodes)</visible>
				<control type="image">
					<description>Cover image</description>
					<left>20</left>
					<top>225</top>
					<width>180</width>
					<height>120</height>
					<aspectratio>scale</aspectratio>
					<texture fallback="DefaultVideoCover.png">$INFO[Player.Art(thumb)]</texture>
					<bordertexture border="8">ThumbBorder.png</bordertexture>
					<bordersize>5</bordersize>
				</control>
				<control type="label">
					<description>TV Show Season Ep Label</description>
					<left>210</left>
					<top>265</top>
					<height>25</height>
					<width>1000</width>
					<label>$INFO[VideoPlayer.TVShowTitle] ($INFO[VideoPlayer.Season,$LOCALIZE[20373] , - ]$INFO[VideoPlayer.episode,$LOCALIZE[20359] ,])</label>
					<align>left</align>
					<aligny>center</aligny>
					<font>font12</font>
					<textcolor>white</textcolor>
					<shadowcolor>black</shadowcolor>
				</control>
				<control type="label">
					<description>Title label</description>
					<left>210</left>
					<top>285</top>
					<height>30</height>
					<width>1000</width>
					<label>$INFO[Player.Title]</label>
					<align>left</align>
					<aligny>center</aligny>
					<font>font13_title</font>
					<textcolor>white</textcolor>
					<shadowcolor>black</shadowcolor>
				</control>
				<control type="label">
					<description>Time Label</description>
					<left>210</left>
					<top>310</top>
					<height>30</height>
					<width>300</width>
					<label>$INFO[Player.Time]$INFO[Player.Duration,[COLOR=blue] / [/COLOR]]</label>
					<align>left</align>
					<aligny>center</aligny>
					<font>font12</font>
					<textcolor>white</textcolor>
					<shadowcolor>black</shadowcolor>
				</control>
			</control>
		</control>
		<include condition="!Skin.HasSetting(HomepageHideRecentlyAddedMovies) | !Skin.HasSetting(HomepageHideRecentlyAddedEpisode) | !Skin.HasSetting(HomepageHideRecentlyAddedMusicVideo) | !Skin.HasSetting(HomepageHideRecentlyAddedAlbums) | Skin.HasSetting(WeatherWidgetWide)">HomeRecentlyAddedInfo</include>		
		<include condition="Skin.HasSetting(WeatherWidget)">WeatherWidget</include>
		<control type="button" id="9003">
			<description>Hidden Button to pass through navigation when recently added is disabled</description>
			<left>-20</left>
			<top>-20</top>
			<width>1</width>
			<height>1</height>
			<label>-</label>
			<font>-</font>
			<texturefocus>-</texturefocus>
			<texturenofocus>-</texturenofocus>
			<onleft>9000</onleft>
			<onright>9000</onright>
			<onup>20</onup>
			<ondown>608</ondown>
			<visible>false</visible>
		</control>
		<control type="group">
			<description>Controls for currently playing media</description>
			<left>545r</left>
			<top>370</top>
			<animation effect="slide" start="0,0" end="0,155" time="0" condition="Skin.HasSetting(LowerMenu)">Conditional</animation>
			<animation effect="slide" start="0,0" end="-140,0" time="300" condition="!Player.HasMedia + Skin.HasSetting(EnableHomeStats)">conditional</animation>-->
			<animation effect="fade" start="100" end="65" time="200" condition="Window.IsVisible(Favourites)">conditional</animation>
			<animation effect="slide" start="0,0" end="365,0" time="300" condition="!Player.HasMedia + !Skin.HasSetting(EnableHomeStats)">conditional</animation>
                        <animation effect="slide" start="0,0" end="365,0" time="300" condition="Player.HasMedia + Skin.HasSetting(HidePlayerPanel)">conditional</animation>
			<animation type="WindowOpen" reversible="false">
				<effect type="zoom" start="80" end="100" center="640,360" easing="out" tween="back" time="300"/>
				<effect type="fade" start="0" end="100" time="300"/>
			</animation>
			<animation type="WindowClose" reversible="false">
				<effect type="zoom" start="100" end="80" center="640,360" easing="in" tween="back" time="300"/>
				<effect type="fade" start="100" end="0" time="300"/>
			</animation>
			<control type="image">
				<description>Background End image</description>
				<left>0</left>
				<top>0</top>
				<width>35</width>
				<height>35</height>
				<colordiffuse>CCFFFFFF</colordiffuse>
				<texture flipy="true" border="0,5,0,0" flipx="true">HomeSubEnd.png</texture>
				<animation effect="slide" start="0,0" end="145,0" time="0" condition="!System.HasAddon(script.globalsearch) | !Skin.HasSetting(ActivateSearch)">Conditional</animation>
				<visible>Skin.HasSetting(ActivateSearch) | [ Player.HasMedia +!Skin.HasSetting(HidePlayerPanel) ] | [ !Player.HasMedia + Skin.HasSetting(EnableHomeStats) ]</visible>
			</control>
			<control type="radiobutton" id="608">
				<colordiffuse>CCFFFFFF</colordiffuse>
				<description>Global Search</description>
				<left>35</left>
				<top>0</top>
				<height>35</height>
				<width>145</width>
				<textwidth>150</textwidth>
				<textoffsetx>10</textoffsetx>
				<align>left</align>
				<aligny>center</aligny>
				<font>font12</font>
				<textcolor>grey2</textcolor>
				<focusedcolor>white</focusedcolor>
				<texturefocus flipy="true" border="5">HomeSubFO.png</texturefocus>
				<texturenofocus flipy="true" border="5">HomeSubNF.png</texturenofocus>
				<pulseonselect>false</pulseonselect>
				<label>137</label>
				<onclick>RunScript(script.globalsearch)</onclick>
				<textureradioonfocus>icon_search.png</textureradioonfocus>
				<textureradioonnofocus>icon_search.png</textureradioonnofocus>
				<textureradioofffocus>icon_search.png</textureradioofffocus>
				<textureradiooffnofocus>icon_search.png</textureradiooffnofocus>
				<onleft>607</onleft>
				<onright>601</onright>
				<onup condition="!Skin.HasSetting(LowerMenu)">9003</onup>
				<onup condition="Skin.HasSetting(LowerMenu)">9002</onup>
				<ondown>9000</ondown>
				<visible>System.HasAddon(script.globalsearch) + Skin.HasSetting(ActivateSearch)</visible>
			</control>
			<control type="group" id="600">
				<left>180</left>
				<onup>9003</onup>
				<ondown>9000</ondown>
				<defaultcontrol>-</defaultcontrol>
				<enable>Player.HasMedia + !Skin.HasSetting(HidePlayerPanel)</enable>
				<control type="image">
					<description>Background image</description>
					<left>0</left>
					<top>0</top>
					<width>205</width>
					<height>35</height>
					<texture flipy="true" border="0,5,0,0">HomeSubNF.png</texture>
					<colordiffuse>CCFFFFFF</colordiffuse>
					<animation effect="zoom" start="0,0,205,35" end="0,0,505,35" delay="0" time="300" condition="!Player.HasMedia + Skin.HasSetting(EnableHomeStats)">conditional</animation>
				</control>
				<control type="group">
					<visible>!VideoPlayer.Content(LiveTV)</visible>
					<animation effect="slide" end="0,35" time="300" condition="!Player.HasMedia">conditional</animation>
					<control type="button" id="601">
						<left>10</left>
						<top>2</top>
						<width>30</width>
						<height>30</height>
						<label>-</label>
						<texturefocus>OSDPrevTrackFO.png</texturefocus>
						<texturenofocus>OSDPrevTrackNF.png</texturenofocus>
						<onleft>608</onleft>
						<onright>602</onright>
						<onup condition="!Skin.HasSetting(LowerMenu)">9003</onup>
						<onup condition="Skin.HasSetting(LowerMenu)">9002</onup>
						<ondown>9000</ondown>
						<onclick>PlayerControl(Previous)</onclick>
					</control>
					<control type="button" id="602">
						<left>40</left>
						<top>2</top>
						<width>30</width>
						<height>30</height>
						<label>-</label>
						<texturefocus>OSDRewindFO.png</texturefocus>
						<texturenofocus>OSDRewindNF.png</texturenofocus>
						<onleft>601</onleft>
						<onright>603</onright>
						<onup condition="!Skin.HasSetting(LowerMenu)">9003</onup>
						<onup condition="Skin.HasSetting(LowerMenu)">9002</onup>
						<ondown>9000</ondown>
						<onclick>PlayerControl(Rewind)</onclick>
					</control>
					<control type="togglebutton" id="603">
						<left>70</left>
						<top>2</top>
						<width>30</width>
						<height>30</height>
						<label>-</label>
						<texturefocus>OSDPauseFO.png</texturefocus>
						<texturenofocus>OSDPauseNF.png</texturenofocus>
						<usealttexture>Player.Paused | Player.Forwarding | Player.Rewinding</usealttexture>
						<alttexturefocus>OSDPlayFO.png</alttexturefocus>
						<alttexturenofocus>OSDPlayNF.png</alttexturenofocus>
						<onleft>602</onleft>
						<onright>604</onright>
						<onup condition="!Skin.HasSetting(LowerMenu)">9003</onup>
						<onup condition="Skin.HasSetting(LowerMenu)">9002</onup>
						<ondown>9000</ondown>
						<onclick>PlayerControl(Play)</onclick>
					</control>
					<control type="button" id="604">
						<left>100</left>
						<top>2</top>
						<width>30</width>
						<height>30</height>
						<label>-</label>
						<texturefocus>OSDStopFO.png</texturefocus>
						<texturenofocus>OSDStopNF.png</texturenofocus>
						<onleft>603</onleft>
						<onright>605</onright>
						<onup condition="!Skin.HasSetting(LowerMenu)">9003</onup>
						<onup condition="Skin.HasSetting(LowerMenu)">9002</onup>
						<ondown>9000</ondown>
						<onclick>down</onclick>
						<onclick>PlayerControl(Stop)</onclick>
					</control>
					<control type="button" id="605">
						<left>130</left>
						<top>2</top>
						<width>30</width>
						<height>30</height>
						<label>-</label>
						<texturefocus>OSDForwardFO.png</texturefocus>
						<texturenofocus>OSDForwardNF.png</texturenofocus>
						<onleft>604</onleft>
						<onright>606</onright>
						<onup condition="!Skin.HasSetting(LowerMenu)">9003</onup>
						<onup condition="Skin.HasSetting(LowerMenu)">9002</onup>
						<ondown>9000</ondown>
						<onclick>PlayerControl(Forward)</onclick>
					</control>
					<control type="button" id="606">
						<left>160</left>
						<top>2</top>
						<width>30</width>
						<height>30</height>
						<label>-</label>
						<texturefocus>OSDNextTrackFO.png</texturefocus>
						<texturenofocus>OSDNextTrackNF.png</texturenofocus>
						<onleft>605</onleft>
						<onright>607</onright>
						<onup condition="!Skin.HasSetting(LowerMenu)">9003</onup>
						<onup condition="Skin.HasSetting(LowerMenu)">9002</onup>
						<ondown>9000</ondown>
						<onclick>PlayerControl(Next)</onclick>
					</control>
				</control>
				<control type="group" id="600">
					<visible>VideoPlayer.Content(LiveTV)</visible>
					<control type="button" id="601">
						<left>10</left>
						<top>2</top>
						<width>30</width>
						<height>30</height>
						<label>-</label>
						<texturefocus>OSDChannelUPFO.png</texturefocus>
						<texturenofocus>OSDChannelUPNF.png</texturenofocus>
						<onleft>608</onleft>
						<onright>602</onright>
						<onup condition="!Skin.HasSetting(LowerMenu)">9003</onup>
						<onup condition="Skin.HasSetting(LowerMenu)">9002</onup>
						<ondown>9000</ondown>
						<onclick>ChannelDown</onclick>
					</control>
					<control type="button" id="602">
						<left>40</left>
						<top>2</top>
						<width>30</width>
						<height>30</height>
						<label>-</label>
						<texturefocus>OSDChannelDownFO.png</texturefocus>
						<texturenofocus>OSDChannelDownNF.png</texturenofocus>
						<onleft>601</onleft>
						<onright>603</onright>
						<onup condition="!Skin.HasSetting(LowerMenu)">9003</onup>
						<onup condition="Skin.HasSetting(LowerMenu)">9002</onup>
						<ondown>9000</ondown>
						<onclick>ChannelUp</onclick>
					</control>
					<control type="button" id="603">
						<left>70</left>
						<top>2</top>
						<width>30</width>
						<height>30</height>
						<label>-</label>
						<texturefocus>OSDStopFO.png</texturefocus>
						<texturenofocus>OSDStopNF.png</texturenofocus>
						<onleft>602</onleft>
						<onright>604</onright>
						<onup condition="!Skin.HasSetting(LowerMenu)">9003</onup>
						<onup condition="Skin.HasSetting(LowerMenu)">9002</onup>
						<ondown>9000</ondown>
						<onclick>down</onclick>
						<onclick>PlayerControl(Stop)</onclick>
					</control>
					<control type="togglebutton" id="604">
						<left>100</left>
						<top>2</top>
						<width>30</width>
						<height>30</height>
						<label>-</label>
						<texturefocus>OSDPauseFO.png</texturefocus>
						<texturenofocus>OSDPauseNF.png</texturenofocus>
						<usealttexture>Player.Paused | Player.Forwarding | Player.Rewinding</usealttexture>
						<alttexturefocus>OSDPlayFO.png</alttexturefocus>
						<alttexturenofocus>OSDPlayNF.png</alttexturenofocus>
						<onleft>603</onleft>
						<onright>606</onright>
						<onup condition="!Skin.HasSetting(LowerMenu)">9003</onup>
						<onup condition="Skin.HasSetting(LowerMenu)">9002</onup>
						<ondown>9000</ondown>
						<onclick>PlayerControl(Play)</onclick>
						<enable>Player.PauseEnabled</enable>
						<animation effect="fade" start="100" end="30" time="100" condition="!Player.PauseEnabled">Conditional</animation>
					</control>
					<control type="button" id="606">
						<left>160</left>
						<top>2</top>
						<width>30</width>
						<height>30</height>
						<label>-</label>
						<texturefocus>OSDRecordOffFO.png</texturefocus>
						<texturenofocus>OSDRecordOffNF.png</texturenofocus>
						<onleft>604</onleft>
						<onright>607</onright>
						<onup condition="!Skin.HasSetting(LowerMenu)">9003</onup>
						<onup condition="Skin.HasSetting(LowerMenu)">9002</onup>
						<ondown>9000</ondown>
						<onclick>PlayerControl(record)</onclick>
					</control>
				</control>
			</control>
			<control type="radiobutton" id="607">
                                <animation effect="slide" end="0,35" time="300" condition="!Player.HasMedia">conditional</animation>
				<colordiffuse>CCFFFFFF</colordiffuse>
				<description>Go to fullscreen Playback</description>
				<left>385</left>
				<top>0</top>
				<height>35</height>
				<width>160</width>
				<textwidth>150</textwidth>
				<textoffsetx>10</textoffsetx>
				<align>left</align>
				<aligny>center</aligny>
				<font>font12</font>
				<textcolor>grey2</textcolor>
				<focusedcolor>white</focusedcolor>
				<texturefocus flipy="true" border="5">HomeSubFO.png</texturefocus>
				<texturenofocus flipy="true" border="5">HomeSubNF.png</texturenofocus>
				<pulseonselect>false</pulseonselect>
				<label>31008</label>
				<onclick>fullscreen</onclick>
				<textureradioonfocus>GoFullscreen.png</textureradioonfocus>
				<textureradioonnofocus>GoFullscreen.png</textureradioonnofocus>
				<textureradioofffocus>GoFullscreen.png</textureradioofffocus>
				<textureradiooffnofocus>GoFullscreen.png</textureradiooffnofocus>
				<onleft>606</onleft>
				<onright>608</onright>
				<onup condition="!Skin.HasSetting(LowerMenu)">9003</onup>
				<onup condition="Skin.HasSetting(LowerMenu)">9002</onup>
				<ondown>9000</ondown>
				<enable>Player.HasMedia + !Skin.HasSetting(HidePlayerPanel)</enable>
			</control>
			<control type="label">
				<left>190</left>
				<top>7</top>
				<height>20</height>
				<width>500</width>
				<label>$VAR[InfoBarStats]</label>
				<align>center</align>
				<aligny>center</aligny>
				<font>font12_title</font>
				<scroll>true</scroll>
				<textcolor>white</textcolor>
				<shadowcolor>black</shadowcolor>
				<visible>!Player.HasMedia + Skin.HasSetting(EnableHomeStats)</visible>
			</control>			
		</control>
		<control type="group">
			<top>400</top>
			<animation effect="slide" start="0,0" end="0,155" time="0" condition="Skin.HasSetting(LowerMenu)">Conditional</animation>
			<animation type="WindowOpen" reversible="false">
				<effect type="zoom" start="80" end="100" center="640,360" easing="out" tween="back" time="300"/>
				<effect type="fade" start="0" end="100" time="300"/>
			</animation>
			<animation type="WindowClose" reversible="false">
				<effect type="zoom" start="100" end="80" center="640,360" easing="in" tween="back" time="300"/>
				<effect type="fade" start="100" end="0" time="300"/>
			</animation>
			<control type="group" id="9001">
				<left>0</left>
				<top>70</top>
				<onup>9000</onup>
				<ondown condition="!Skin.HasSetting(LowerMenu)">9002</ondown>
				<ondown condition="Skin.HasSetting(LowerMenu)">20</ondown>
				<control type="grouplist" id="9010">
					<include>HomeSubMenuCommonValues</include>
					<onleft>9010</onleft>
					<onright>9010</onright>
					<visible>Container(9000).HasFocus(2)</visible>
					<include>HomeSubMenuVideos</include> <!-- Buttons for the grouplist -->
				</control>
				<control type="grouplist" id="9016">
					<include>HomeSubMenuCommonValues</include>
					<onleft>9016</onleft>
					<onright>9016</onright>
					<visible>Container(9000).HasFocus(10)</visible>
					<include>HomeSubMenuMovies</include> <!-- Buttons for the grouplist -->
				</control>
				<control type="grouplist" id="9017">
					<include>HomeSubMenuCommonValues</include>
					<onleft>9017</onleft>
					<onright>9017</onright>
					<visible>Container(9000).HasFocus(11)</visible>
					<include>HomeSubMenuTVShows</include> <!-- Buttons for the grouplist -->
				</control>
				<control type="grouplist" id="9018">
					<include>HomeSubMenuCommonValues</include>
					<onleft>9018</onleft>
					<onright>9018</onright>
					<visible>Container(9000).HasFocus(14)</visible>
					<include>HomeSubMenuMusicVidios</include> <!-- Buttons for the grouplist -->
				</control>
				<control type="grouplist" id="9011">
					<include>HomeSubMenuCommonValues</include>
					<onleft>9011</onleft>
					<onright>9011</onright>
					<visible>Container(9000).HasFocus(3)</visible>
					<include>HomeSubMenuMusic</include> <!-- Buttons for the grouplist -->
				</control>
				<control type="grouplist" id="9012">
					<include>HomeSubMenuCommonValues</include>
					<onleft>9012</onleft>
					<onright>9012</onright>
					<visible>Container(9000).HasFocus(5)</visible>
					<include>HomeSubMenuSystem</include> <!-- Buttons for the grouplist -->
				</control>
				<control type="grouplist" id="9013">
					<include>HomeSubMenuCommonValues</include>
					<onleft>9013</onleft>
					<onright>9013</onright>
					<visible>Container(9000).HasFocus(6)</visible>
					<include>HomeSubMenuPlayDisc</include> <!-- Buttons for the grouplist -->
				</control>
				<control type="grouplist" id="9014">
					<include>HomeSubMenuCommonValues</include>
					<onleft>9014</onleft>
					<onright>9014</onright>
					<visible>Container(9000).HasFocus(12)</visible>
					<include>HomeSubMenuTV</include> <!-- Buttons for the grouplist -->
				</control>
				<control type="grouplist" id="9015">
					<include>HomeSubMenuCommonValues</include>
					<onleft>9013</onleft>
					<onright>9013</onright>
					<visible>Container(9000).HasFocus(4)</visible>
					<include>HomeSubMenuPictures</include> <!-- Buttons for the grouplist -->
				</control>
				<control type="grouplist" id="9016">
					<include>HomeSubMenuCommonValues</include>
					<onleft>9014</onleft>
					<onright>9014</onright>
					<visible>Container(9000).HasFocus(13)</visible>
					<include>HomeSubMenuRadio</include> <!-- Buttons for the grouplist -->
				</control>
				<control type="grouplist" id="9110">
					<include>HomeSubMenuCommonValues</include>
					<onleft>9110</onleft>
					<onright>9110</onright>
					<visible>Container(9000).HasFocus(860)</visible>
					<include>HomeSubMenuFavourite1</include> <!-- Buttons for the grouplist -->
				</control>
				<control type="grouplist" id="9111">
					<include>HomeSubMenuCommonValues</include>
					<onleft>9111</onleft>
					<onright>9111</onright>
					<visible>Container(9000).HasFocus(861)</visible>
					<include>HomeSubMenuFavourite2</include> <!-- Buttons for the grouplist -->
				</control>
				<control type="grouplist" id="9112">
					<include>HomeSubMenuCommonValues</include>
					<onleft>9112</onleft>
					<onright>9112</onright>
					<visible>Container(9000).HasFocus(862)</visible>
					<include>HomeSubMenuFavourite3</include> <!-- Buttons for the grouplist -->
				</control>
				<control type="grouplist" id="9113">
					<include>HomeSubMenuCommonValues</include>
					<onleft>9113</onleft>
					<onright>9113</onright>
					<visible>Container(9000).HasFocus(863)</visible>
					<include>HomeSubMenuFavourite4</include> <!-- Buttons for the grouplist -->
				</control>
				<control type="grouplist" id="9114">
					<include>HomeSubMenuCommonValues</include>
					<onleft>9114</onleft>
					<onright>9114</onright>
					<visible>Container(9000).HasFocus(864)</visible>
					<include>HomeSubMenuFavourite5</include> <!-- Buttons for the grouplist -->
				</control>
				<control type="grouplist" id="9115">
					<include>HomeSubMenuCommonValues</include>
					<onleft>9115</onleft>
					<onright>9115</onright>
					<visible>Container(9000).HasFocus(865)</visible>
					<include>HomeSubMenuFavourite6</include> <!-- Buttons for the grouplist -->
				</control>
				<control type="grouplist" id="9116">
					<include>HomeSubMenuCommonValues</include>
					<onleft>9116</onleft>
					<onright>9116</onright>
					<visible>Container(9000).HasFocus(866)</visible>
					<include>HomeSubMenuFavourite7</include> <!-- Buttons for the grouplist -->
				</control>
				<control type="grouplist" id="9117">
					<include>HomeSubMenuCommonValues</include>
					<onleft>9117</onleft>
					<onright>9117</onright>
					<visible>Container(9000).HasFocus(867)</visible>
					<include>HomeSubMenuFavourite8</include> <!-- Buttons for the grouplist -->
				</control>
				<control type="grouplist" id="9118">
					<include>HomeSubMenuCommonValues</include>
					<onleft>9118</onleft>
					<onright>9118</onright>
					<visible>Container(9000).HasFocus(868)</visible>
					<include>HomeSubMenuFavourite9</include> <!-- Buttons for the grouplist -->
				</control>
				<control type="grouplist" id="9119">
					<include>HomeSubMenuCommonValues</include>
					<onleft>9119</onleft>
					<onright>9119</onright>
					<visible>Container(9000).HasFocus(869)</visible>
					<include>HomeSubMenuFavourite10</include> <!-- Buttons for the grouplist -->
				</control>
			</control>
			<control type="image">
				<left>-100</left>
				<top>0</top>
				<width>1480</width>
				<height>75</height>
				<texture border="0,6,0,6">HomeBack.png</texture>
			</control>
			<control type="image">
				<left>0</left>
				<top>5</top>
				<width>1280</width>
				<height>6</height>
				<texture>HomeOverlay1.png</texture>
			</control>
			<control type="fixedlist" id="9000">
				<left>-110</left>
				<top>5</top>
				<width>1500</width>
				<height>60</height>
				<onleft>9000</onleft>
				<onright>9000</onright>
				<onup condition="System.HasAddon(script.globalsearch) + Skin.HasSetting(ActivateSearch)">608</onup>
				<onup condition="!System.HasAddon(script.globalsearch) | !Skin.HasSetting(ActivateSearch)">603</onup>
				<ondown>9001</ondown>
				<pagecontrol>-</pagecontrol>
				<scrolltime>300</scrolltime>
				<focusposition>2</focusposition>
				<movement>1</movement>
				<orientation>Horizontal</orientation>
				<itemlayout height="60" width="300">
					<control type="image">
						<left>0</left>
						<top>4</top>
						<width>1</width>
						<height>52</height>
						<texture>HomeSeperator.png</texture>
					</control>
					<control type="image">
						<left>299</left>
						<top>4</top>
						<width>1</width>
						<height>52</height>
						<texture>HomeSeperator.png</texture>
					</control>
					<control type="label">
						<left>5</left>
						<top>0</top>
						<width>290</width>
						<height>60</height>
						<font>font_MainMenu</font>
						<textcolor>grey3</textcolor>
						<align>center</align>
						<aligny>center</aligny>
						<label>$INFO[ListItem.Label]</label>
					</control>
				</itemlayout>
				<focusedlayout height="60" width="300">
					<control type="image">
						<left>0</left>
						<top>4</top>
						<width>1</width>
						<height>52</height>
						<texture>HomeSeperator.png</texture>
					</control>
					<control type="image">
						<left>299</left>
						<top>4</top>
						<width>1</width>
						<height>52</height>
						<texture>HomeSeperator.png</texture>
					</control>
					<control type="label">
						<left>5</left>
						<top>0</top>
						<width>290</width>
						<height>60</height>
						<font>font_MainMenu</font>
						<textcolor>grey3</textcolor>
						<align>center</align>
						<aligny>center</aligny>
						<label>$INFO[ListItem.Label]</label>
					</control>
					<control type="label">
						<left>5</left>
						<top>0</top>
						<width>290</width>
						<height>60</height>
						<font>font_MainMenu</font>
						<textcolor>$INFO[Skin.String(menuColor)]</textcolor>
						<align>center</align>
						<aligny>center</aligny>
						<label>$INFO[ListItem.Label]</label>
						<visible>Control.HasFocus(9000)</visible>
						<include>VisibleFadeEffect</include>
					</control>
				</focusedlayout>
				<content>
					<item id="7">
						<label>31950</label>
						<onclick>ActivateWindow(Weather)</onclick>
						<icon>special://skin/backgrounds/weather.jpg</icon>
						<thumb>$INFO[Skin.String(Home_Custom_Back_Weather_Folder)]</thumb>
						<visible>!Skin.HasSetting(HomeMenuNoWeatherButton) + !IsEmpty(Weather.Plugin)</visible>
					</item>
					<item id="4">
						<label>31951</label>
						<onclick>ActivateWindow(Pictures)</onclick>
						<icon>special://skin/backgrounds/pictures.jpg</icon>
						<thumb>$INFO[Skin.String(Home_Custom_Back_Pictures_Folder)]</thumb>
						<visible>!Skin.HasSetting(HomeMenuNoPicturesButton)</visible>
					</item>
					<item id="13">
						<label>31960</label>
						<onclick>ActivateWindow(RadioChannels)</onclick>
						<icon>special://skin/backgrounds/radio.jpg</icon>
						<thumb>$INFO[Skin.String(Home_Custom_Back_Radio_Folder)]</thumb>
						<visible>!Skin.HasSetting(HomeMenuNoRadioButton) + PVR.HasRadioChannels</visible>
					</item>
					<item id="12">
						<label>31952</label>
						<onclick>ActivateWindow(TVChannels)</onclick>
						<icon>special://skin/backgrounds/tv.jpg</icon>
						<thumb>$INFO[Skin.String(Home_Custom_Back_TV_Folder)]</thumb>
						<visible>!Skin.HasSetting(HomeMenuNoTVButton) + PVR.HasTVChannels</visible>
					</item>
					<item id="2">
						<label>31953</label>
						<onclick condition="StringCompare(Window.Property(VideosDirectLink),True) + !Skin.HasSetting(HomeVideostoFiles)">ActivateWindow(Videos)</onclick>
						<onclick condition="!StringCompare(Window.Property(VideosDirectLink),True) + !Skin.HasSetting(HomeVideostoFiles)">ActivateWindow(Videos,root)</onclick>
						<onclick condition="Skin.HasSetting(HomeVideostoFiles)">ActivateWindow(Videos,Files,Return)</onclick>
						<icon>special://skin/backgrounds/videos.jpg</icon>
						<thumb>$INFO[Skin.String(Home_Custom_Back_Video_Folder)]</thumb>
						<visible>!Skin.HasSetting(HomeMenuNoVideosButton)</visible>
					</item>
					<item id="10">
						<label>31954</label>
						<onclick>ActivateWindow(Videos,MovieTitles,return)</onclick>
						<icon>special://skin/backgrounds/videos.jpg</icon>
						<thumb>$INFO[Skin.String(Home_Custom_Back_Movies_Folder)]</thumb>
						<visible>!Skin.HasSetting(HomeMenuNoMovieButton) + Library.HasContent(Movies)</visible>
					</item>
					<item id="11">
						<label>31955</label>
						<onclick>ActivateWindow(Videos,TVShowTitles,return)</onclick>
						<icon>special://skin/backgrounds/videos.jpg</icon>
						<thumb>$INFO[Skin.String(Home_Custom_Back_TVShow_Folder)]</thumb>
						<visible>!Skin.HasSetting(HomeMenuNoTVShowButton) + Library.HasContent(TVShows)</visible>
					</item>
					<item id="14">
						<label>31961</label>
						<onclick>ActivateWindow(Videos,MusicVideos,return)</onclick>
						<icon>special://skin/backgrounds/videos.jpg</icon>
						<thumb>$INFO[Skin.String(Home_Custom_Back_MusicVidios_Folder)]</thumb>
						<visible>!Skin.HasSetting(HomeMenuNoMusicVideosButton) + Library.HasContent(MusicVideos)</visible>
					</item>					
					<item id="3">
						<label>31956</label>
						<onclick>ActivateWindow(Music)</onclick>
						<icon>special://skin/backgrounds/music.jpg</icon>
						<thumb>$INFO[Skin.String(Home_Custom_Back_Music_Folder)]</thumb>
						<visible>!Skin.HasSetting(HomeMenuNoMusicButton)</visible>
					</item>
					<item id="1">
						<label>31957</label>
						<onclick condition="!System.Platform.Android">ActivateWindow(Programs,Addons,return)</onclick>
						<onclick condition="System.Platform.Android">ActivateWindow(Programs)</onclick>
						<icon>special://skin/backgrounds/programs.jpg</icon>
						<thumb>$INFO[Skin.String(Home_Custom_Back_Programs_Folder)]</thumb>
						<visible>!Skin.HasSetting(HomeMenuNoProgramsButton)</visible>
					</item>
					<item id="6">
						<label>31958</label>
						<onclick>PlayDVD()</onclick>
						<icon>special://skin/backgrounds/playdisc.jpg</icon>
						<thumb>$INFO[Skin.String(Home_Custom_Back_PlayDisc_Folder)]</thumb>
						<visible>System.HasMediaDVD</visible>
					</item>
					<item id="860">
						<label>$INFO[Skin.String(CustomFavourite1.Label)]</label>
						<onclick>$INFO[Skin.String(CustomFavourite1.path)]</onclick>
						<icon>special://skin/backgrounds/skinsetting.jpg</icon>
						<thumb>$INFO[Skin.String(Home_Custom_Back_Favourite1_Folder)]</thumb>
						<visible>Skin.HasSetting(CustomFavorites)</visible>
						<visible>!IsEmpty(Skin.String(CustomFavourite1.Label))</visible>
					</item>
					<item id="861">
						<label>$INFO[Skin.String(CustomFavourite2.Label)]</label>
						<onclick>$INFO[Skin.String(CustomFavourite2.path)]</onclick>
						<icon>special://skin/backgrounds/skinsetting.jpg</icon>
						<thumb>$INFO[Skin.String(Home_Custom_Back_Favourite2_Folder)]</thumb>
						<visible>Skin.HasSetting(CustomFavorites)</visible>
						<visible>!IsEmpty(Skin.String(CustomFavourite2.Label))</visible>
					</item>
					<item id="862">
						<label>$INFO[Skin.String(CustomFavourite3.Label)]</label>
						<onclick>$INFO[Skin.String(CustomFavourite3.path)]</onclick>
						<icon>special://skin/backgrounds/skinsetting.jpg</icon>
						<thumb>$INFO[Skin.String(Home_Custom_Back_Favourite3_Folder)]</thumb>
						<visible>Skin.HasSetting(CustomFavorites)</visible>
						<visible>!IsEmpty(Skin.String(CustomFavourite3.Label))</visible>
					</item>
					<item id="863">
						<label>$INFO[Skin.String(CustomFavourite4.Label)]</label>
						<onclick>$INFO[Skin.String(CustomFavourite4.path)]</onclick>
						<icon>special://skin/backgrounds/skinsetting.jpg</icon>
						<thumb>$INFO[Skin.String(Home_Custom_Back_Favourite4_Folder)]</thumb>
						<visible>Skin.HasSetting(CustomFavorites)</visible>
						<visible>!IsEmpty(Skin.String(CustomFavourite4.Label))</visible>
					</item>
					<item id="864">
						<label>$INFO[Skin.String(CustomFavourite5.Label)]</label>
						<onclick>$INFO[Skin.String(CustomFavourite5.path)]</onclick>
						<icon>special://skin/backgrounds/skinsetting.jpg</icon>
						<thumb>$INFO[Skin.String(Home_Custom_Back_Favourite5_Folder)]</thumb>
						<visible>Skin.HasSetting(CustomFavorites)</visible>
						<visible>!IsEmpty(Skin.String(CustomFavourite5.Label))</visible>
					</item>
					<item id="865">
						<label>$INFO[Skin.String(CustomFavourite6.Label)]</label>
						<onclick>$INFO[Skin.String(CustomFavourite6.path)]</onclick>
						<icon>special://skin/backgrounds/skinsetting.jpg</icon>
						<thumb>$INFO[Skin.String(Home_Custom_Back_Favourite6_Folder)]</thumb>
						<visible>Skin.HasSetting(CustomFavorites)</visible>
						<visible>!IsEmpty(Skin.String(CustomFavourite6.Label))</visible>
					</item>
					<item id="866">
						<label>$INFO[Skin.String(CustomFavourite7.Label)]</label>
						<onclick>$INFO[Skin.String(CustomFavourite7.path)]</onclick>
						<icon>special://skin/backgrounds/skinsetting.jpg</icon>
						<thumb>$INFO[Skin.String(Home_Custom_Back_Favourite7_Folder)]</thumb>
						<visible>Skin.HasSetting(CustomFavorites)</visible>
						<visible>!IsEmpty(Skin.String(CustomFavourite7.Label))</visible>
					</item>
					<item id="867">
						<label>$INFO[Skin.String(CustomFavourite8.Label)]</label>
						<onclick>$INFO[Skin.String(CustomFavourite8.path)]</onclick>
						<icon>special://skin/backgrounds/skinsetting.jpg</icon>
						<thumb>$INFO[Skin.String(Home_Custom_Back_Favourite8_Folder)]</thumb>
						<visible>Skin.HasSetting(CustomFavorites)</visible>
						<visible>!IsEmpty(Skin.String(CustomFavourite8.Label))</visible>
					</item>
					<item id="868">
						<label>$INFO[Skin.String(CustomFavourite9.Label)]</label>
						<onclick>$INFO[Skin.String(CustomFavourite9.path)]</onclick>
						<icon>special://skin/backgrounds/skinsetting.jpg</icon>
						<thumb>$INFO[Skin.String(Home_Custom_Back_Favourite9_Folder)]</thumb>
						<visible>Skin.HasSetting(CustomFavorites)</visible>
						<visible>!IsEmpty(Skin.String(CustomFavourite9.Label))</visible>
					</item>
					<item id="869">
						<label>$INFO[Skin.String(CustomFavourite10.Label)]</label>
						<onclick>$INFO[Skin.String(CustomFavourite10.path)]</onclick>
						<icon>special://skin/backgrounds/skinsetting.jpg</icon>
						<thumb>$INFO[Skin.String(Home_Custom_Back_Favourite10_Folder)]</thumb>
						<visible>Skin.HasSetting(CustomFavorites)</visible>
						<visible>!IsEmpty(Skin.String(CustomFavourite10.Label))</visible>
					</item>
					<item id="5">
						<label>31959</label>
						<onclick>ActivateWindow(Settings)</onclick>
						<icon>special://skin/backgrounds/settings.jpg</icon>
						<thumb>$INFO[Skin.String(Home_Custom_Back_Settings_Folder)]</thumb>
					</item>
				</content>
			</control>
			<control type="image">
				<left>0</left>
				<top>6</top>
				<width>128</width>
				<height>63</height>
				<texture>SideFade.png</texture>
			</control>
			<control type="image">
				<left>128r</left>
				<top>6</top>
				<width>128</width>
				<height>63</height>
				<texture flipx="true">SideFade.png</texture>
			</control>
		</control>
		<control type="group" id="9002">
			<onup condition="!Skin.HasSetting(LowerMenu)">9001</onup>
			<onup condition="Skin.HasSetting(LowerMenu)">9003</onup>
			<ondown condition="!Skin.HasSetting(LowerMenu)">20</ondown>
			<ondown condition="Skin.HasSetting(LowerMenu)">9003</ondown>
			<control type="fixedlist" id="7001">
				<animation effect="slide" start="0,0" end="-91,0" time="0" condition="StringCompare(Container(7001).NumItems,2) | StringCompare(Container(7001).NumItems,4)">conditional</animation>
				<visible>Container(9000).HasFocus(12)</visible>
				<onleft>7001</onleft>
				<onright>7001</onright>
				<onup condition="!Skin.HasSetting(LowerMenu)">9001</onup>
				<onup condition="Skin.HasSetting(LowerMenu)">20</onup>
				<ondown condition="!Skin.HasSetting(LowerMenu)">20</ondown>
				<ondown condition="Skin.HasSetting(LowerMenu)">9003</ondown>
				<include>HomeAddonsCommonLayout</include>
				<content>
					<include>HomeAddonItemsTVPVR</include>
				</content>
			</control>
			<control type="fixedlist" id="7002">
				<animation effect="slide" start="0,0" end="-91,0" time="0" condition="StringCompare(Container(7002).NumItems,2) | StringCompare(Container(7002).NumItems,4)">conditional</animation>
				<visible>Container(9000).HasFocus(13)</visible>
				<onleft>7002</onleft>
				<onright>7002</onright>
				<onup condition="!Skin.HasSetting(LowerMenu)">9001</onup>
				<onup condition="Skin.HasSetting(LowerMenu)">20</onup>
				<ondown condition="!Skin.HasSetting(LowerMenu)">20</ondown>
				<ondown condition="Skin.HasSetting(LowerMenu)">9003</ondown>
				<include>HomeAddonsCommonLayout</include>
				<content>
					<include>HomeAddonItemsRadioPVR</include>
				</content>
			</control>
			<control type="fixedlist" id="700">
				<animation effect="slide" start="0,0" end="-91,0" time="0" condition="StringCompare(Container(700).NumItems,2) | StringCompare(Container(700).NumItems,4)">conditional</animation>
				<visible>Container(9000).HasFocus(2) | Container(9000).HasFocus(10) | Container(9000).HasFocus(11) | Container(9000).HasFocus(14)</visible>
				<onleft>700</onleft>
				<onright>700</onright>
				<onup condition="!Skin.HasSetting(LowerMenu)">9001</onup>
				<onup condition="Skin.HasSetting(LowerMenu)">9003</onup>
				<ondown condition="!Skin.HasSetting(LowerMenu)">20</ondown>
				<ondown condition="Skin.HasSetting(LowerMenu)">9003</ondown>
				<include>HomeAddonsCommonLayout</include>
				<content>
					<include>HomeAddonItemsVideos</include>
				</content>
			</control>
			<control type="fixedlist" id="703">
				<animation effect="slide" start="0,0" end="-91,0" time="0" condition="StringCompare(Container(703).NumItems,2) | StringCompare(Container(703).NumItems,4)">conditional</animation>
				<visible>Container(9000).HasFocus(3)</visible>
				<onleft>703</onleft>
				<onright>703</onright>
				<onup condition="!Skin.HasSetting(LowerMenu)">9001</onup>
				<onup condition="Skin.HasSetting(LowerMenu)">9003</onup>
				<ondown condition="!Skin.HasSetting(LowerMenu)">20</ondown>
				<ondown condition="Skin.HasSetting(LowerMenu)">9003</ondown>
				<include>HomeAddonsCommonLayout</include>
				<content>
					<include>HomeAddonItemsMusic</include>
				</content>
			</control>
			<control type="fixedlist" id="704">
				<animation effect="slide" start="0,0" end="-91,0" time="0" condition="StringCompare(Container(704).NumItems,2) | StringCompare(Container(704).NumItems,4)">conditional</animation>
				<visible>Container(9000).HasFocus(4)</visible>
				<onleft>704</onleft>
				<onright>704</onright>
				<onup condition="!Skin.HasSetting(LowerMenu)">9001</onup>
				<onup condition="Skin.HasSetting(LowerMenu)">20</onup>
				<ondown condition="!Skin.HasSetting(LowerMenu)">20</ondown>
				<ondown condition="Skin.HasSetting(LowerMenu)">9003</ondown>
				<include>HomeAddonsCommonLayout</include>
				<content>
					<include>HomeAddonItemsPictures</include>
				</content>
			</control>
			<control type="fixedlist" id="705">
				<animation effect="slide" start="0,0" end="-91,0" time="0" condition="StringCompare(Container(705).NumItems,2) | StringCompare(Container(705).NumItems,4)">conditional</animation>
				<visible>Container(9000).HasFocus(1)</visible>
				<onleft>705</onleft>
				<onright>705</onright>
				<onup condition="!Skin.HasSetting(LowerMenu)">9001</onup>
				<onup condition="Skin.HasSetting(LowerMenu)">20</onup>
				<ondown condition="!Skin.HasSetting(LowerMenu)">20</ondown>
				<ondown condition="Skin.HasSetting(LowerMenu)">9003</ondown>
				<include>HomeAddonsCommonLayout</include>
				<content>
					<include>HomeAddonItemsPrograms</include>
				</content>
			</control>
			<control type="fixedlist" id="7002">
				<animation effect="slide" start="0,0" end="-91,0" time="0" condition="StringCompare(Container(7002).NumItems,2) | StringCompare(Container(7002).NumItems,4)">conditional</animation>
				<visible>Container(9000).HasFocus(860)</visible>
				<onleft>7002</onleft>
				<onright>7002</onright>
				<onup condition="!Skin.HasSetting(LowerMenu)">9001</onup>
				<onup condition="Skin.HasSetting(LowerMenu)">20</onup>
				<ondown condition="!Skin.HasSetting(LowerMenu)">20</ondown>
				<ondown condition="Skin.HasSetting(LowerMenu)">9003</ondown>
				<include>HomeAddonsCommonLayout</include>
				<content>
					<include>HomeAddonItemsFavourite1</include>
				</content>
			</control>
			<control type="fixedlist" id="7003">
				<animation effect="slide" start="0,0" end="-91,0" time="0" condition="StringCompare(Container(7003).NumItems,2) | StringCompare(Container(7003).NumItems,4)">conditional</animation>
				<visible>Container(9000).HasFocus(861)</visible>
				<onleft>7003</onleft>
				<onright>7003</onright>
				<onup condition="!Skin.HasSetting(LowerMenu)">9001</onup>
				<onup condition="Skin.HasSetting(LowerMenu)">20</onup>
				<ondown condition="!Skin.HasSetting(LowerMenu)">20</ondown>
				<ondown condition="Skin.HasSetting(LowerMenu)">9003</ondown>
				<include>HomeAddonsCommonLayout</include>
				<content>
					<include>HomeAddonItemsFavourite2</include>
				</content>
			</control>
			<control type="fixedlist" id="7004">
				<animation effect="slide" start="0,0" end="-91,0" time="0" condition="StringCompare(Container(7004).NumItems,2) | StringCompare(Container(7004).NumItems,4)">conditional</animation>
				<visible>Container(9000).HasFocus(862)</visible>
				<onleft>7004</onleft>
				<onright>7004</onright>
				<onup condition="!Skin.HasSetting(LowerMenu)">9001</onup>
				<onup condition="Skin.HasSetting(LowerMenu)">20</onup>
				<ondown condition="!Skin.HasSetting(LowerMenu)">20</ondown>
				<ondown condition="Skin.HasSetting(LowerMenu)">9003</ondown>
				<include>HomeAddonsCommonLayout</include>
				<content>
					<include>HomeAddonItemsFavourite3</include>
				</content>
			</control>
			<control type="fixedlist" id="7005">
				<animation effect="slide" start="0,0" end="-91,0" time="0" condition="StringCompare(Container(7005).NumItems,2) | StringCompare(Container(7005).NumItems,4)">conditional</animation>
				<visible>Container(9000).HasFocus(863)</visible>
				<onleft>7005</onleft>
				<onright>7005</onright>
				<onup condition="!Skin.HasSetting(LowerMenu)">9001</onup>
				<onup condition="Skin.HasSetting(LowerMenu)">20</onup>
				<ondown condition="!Skin.HasSetting(LowerMenu)">20</ondown>
				<ondown condition="Skin.HasSetting(LowerMenu)">9003</ondown>
				<include>HomeAddonsCommonLayout</include>
				<content>
					<include>HomeAddonItemsFavourite4</include>
				</content>
			</control>
			<control type="fixedlist" id="7006">
				<animation effect="slide" start="0,0" end="-91,0" time="0" condition="StringCompare(Container(7006).NumItems,2) | StringCompare(Container(7006).NumItems,4)">conditional</animation>
				<visible>Container(9000).HasFocus(864)</visible>
				<onleft>7006</onleft>
				<onright>7006</onright>
				<onup condition="!Skin.HasSetting(LowerMenu)">9001</onup>
				<onup condition="Skin.HasSetting(LowerMenu)">20</onup>
				<ondown condition="!Skin.HasSetting(LowerMenu)">20</ondown>
				<ondown condition="Skin.HasSetting(LowerMenu)">9003</ondown>
				<include>HomeAddonsCommonLayout</include>
				<content>
					<include>HomeAddonItemsFavourite5</include>
				</content>
			</control>
			<control type="fixedlist" id="7007">
				<animation effect="slide" start="0,0" end="-91,0" time="0" condition="StringCompare(Container(7007).NumItems,2) | StringCompare(Container(7007).NumItems,4)">conditional</animation>
				<visible>Container(9000).HasFocus(865)</visible>
				<onleft>7007</onleft>
				<onright>7007</onright>
				<onup condition="!Skin.HasSetting(LowerMenu)">9001</onup>
				<onup condition="Skin.HasSetting(LowerMenu)">20</onup>
				<ondown condition="!Skin.HasSetting(LowerMenu)">20</ondown>
				<ondown condition="Skin.HasSetting(LowerMenu)">9003</ondown>
				<include>HomeAddonsCommonLayout</include>
				<content>
					<include>HomeAddonItemsFavourite6</include>
				</content>
			</control>
			<control type="fixedlist" id="7008">
				<animation effect="slide" start="0,0" end="-91,0" time="0" condition="StringCompare(Container(7008).NumItems,2) | StringCompare(Container(7008).NumItems,4)">conditional</animation>
				<visible>Container(9000).HasFocus(866)</visible>
				<onleft>7008</onleft>
				<onright>7008</onright>
				<onup condition="!Skin.HasSetting(LowerMenu)">9001</onup>
				<onup condition="Skin.HasSetting(LowerMenu)">20</onup>
				<ondown condition="!Skin.HasSetting(LowerMenu)">20</ondown>
				<ondown condition="Skin.HasSetting(LowerMenu)">9003</ondown>
				<include>HomeAddonsCommonLayout</include>
				<content>
					<include>HomeAddonItemsFavourite7</include>
				</content>
			</control>
			<control type="fixedlist" id="7009">
				<animation effect="slide" start="0,0" end="-91,0" time="0" condition="StringCompare(Container(7009).NumItems,2) | StringCompare(Container(7009).NumItems,4)">conditional</animation>
				<visible>Container(9000).HasFocus(867)</visible>
				<onleft>7009</onleft>
				<onright>7009</onright>
				<onup condition="!Skin.HasSetting(LowerMenu)">9001</onup>
				<onup condition="Skin.HasSetting(LowerMenu)">20</onup>
				<ondown condition="!Skin.HasSetting(LowerMenu)">20</ondown>
				<ondown condition="Skin.HasSetting(LowerMenu)">9003</ondown>
				<include>HomeAddonsCommonLayout</include>
				<content>
					<include>HomeAddonItemsFavourite8</include>
				</content>
			</control>
			<control type="fixedlist" id="7010">
				<animation effect="slide" start="0,0" end="-91,0" time="0" condition="StringCompare(Container(7010).NumItems,2) | StringCompare(Container(7010).NumItems,4)">conditional</animation>
				<visible>Container(9000).HasFocus(868)</visible>
				<onleft>7010</onleft>
				<onright>7010</onright>
				<onup condition="!Skin.HasSetting(LowerMenu)">9001</onup>
				<onup condition="Skin.HasSetting(LowerMenu)">20</onup>
				<ondown condition="!Skin.HasSetting(LowerMenu)">20</ondown>
				<ondown condition="Skin.HasSetting(LowerMenu)">9003</ondown>
				<include>HomeAddonsCommonLayout</include>
				<content>
					<include>HomeAddonItemsFavourite9</include>
				</content>
			</control>
			<control type="fixedlist" id="7011">
				<animation effect="slide" start="0,0" end="-91,0" time="0" condition="StringCompare(Container(7011).NumItems,2) | StringCompare(Container(7011).NumItems,4)">conditional</animation>
				<visible>Container(9000).HasFocus(869)</visible>
				<onleft>7011</onleft>
				<onright>7011</onright>
				<onup condition="!Skin.HasSetting(LowerMenu)">9001</onup>
				<onup condition="Skin.HasSetting(LowerMenu)">20</onup>
				<ondown condition="!Skin.HasSetting(LowerMenu)">20</ondown>
				<ondown condition="Skin.HasSetting(LowerMenu)">9003</ondown>
				<include>HomeAddonsCommonLayout</include>
				<content>
					<include>HomeAddonItemsFavourite10</include>
				</content>
			</control>
		</control>
		<control type="group">
			<left>0</left>
			<top>33r</top>
			<visible>system.getbool(lookandfeel.enablerssfeeds)</visible>
			<include>Window_OpenClose_Animation</include>
			<control type="rss">
				<description>RSS feed</description>
				<left>100</left>
				<top>0</top>
				<height>30</height>
				<width>1145</width>
				<font>font12</font>
				<urlset>1</urlset>
				<textcolor>blue</textcolor>
				<titlecolor>blue</titlecolor>
				<headlinecolor>white</headlinecolor>
			</control>
			<control type="image">
				<description>RSS background</description>
				<left>1250</left>
				<top>2</top>
				<width>24</width>
				<height>24</height>
				<texture>icon-rss.png</texture>
			</control>
		</control>
		<control type="group" id="10">
			<left>20</left>
			<top>55r</top>
			<include>Window_OpenClose_Animation</include>
			<control type="button" id="20">
				<description>Power push button</description>
				<left>55</left>
				<top>0</top>
				<width>45</width>
				<height>45</height>
				<label>31003</label>
				<font>-</font>
				<onclick>ActivateWindow(ShutdownMenu)</onclick>
				<texturefocus border="5">floor_buttonFO.png</texturefocus>
				<texturenofocus border="5">floor_button.png</texturenofocus>
				<onleft>21</onleft>
				<onright>21</onright>
				<onup condition="!Skin.HasSetting(LowerMenu)">9002</onup>
				<onup condition="Skin.HasSetting(LowerMenu)">9001</onup>
				<ondown condition="!Skin.HasSetting(LowerMenu)">9003</ondown>
				<ondown condition="Skin.HasSetting(LowerMenu)">9002</ondown>
			</control>
			<control type="image">
				<description>Power Icon</description>
				<left>60</left>
				<top>5</top>
				<width>35</width>
				<height>35</height>
				<aspectratio>keep</aspectratio>
				<texture>icon_power.png</texture>
			</control>
			<control type="button" id="21">
				<description>Favourites push button</description>
				<left>0</left>
				<top>0</top>
				<width>45</width>
				<height>45</height>
				<label>1036</label>
				<font>-</font>
				<onclick>ActivateWindow(Favourites)</onclick>
				<texturefocus border="5">floor_buttonFO.png</texturefocus>
				<texturenofocus border="5">floor_button.png</texturenofocus>
				<onleft>20</onleft>
				<onright>20</onright>
				<onup condition="!Skin.HasSetting(LowerMenu)">9002</onup>
				<onup condition="Skin.HasSetting(LowerMenu)">9001</onup>
				<ondown condition="!Skin.HasSetting(LowerMenu)">9003</ondown>
				<ondown condition="Skin.HasSetting(LowerMenu)">9002</ondown>
			</control>
			<control type="image">
				<description>Favourites Icon</description>
				<left>5</left>
				<top>5</top>
				<width>35</width>
				<height>35</height>
				<aspectratio>keep</aspectratio>
				<texture>icon_favourites.png</texture>
			</control>
		</control>
		<control type="group">
			<left>20</left>
			<top>0</top>
			<visible>Skin.HasSetting(homepageWeatherinfo) + !IsEmpty(Weather.Plugin)</visible>
			<include>Window_OpenClose_Animation</include>
			<control type="image">
				<description>Weather image</description>
				<left>0</left>
				<top>0</top>
				<width>60</width>
				<height>60</height>
				<aspectratio>keep</aspectratio>
				<texture>$INFO[Weather.Conditions]</texture>
			</control>
			<control type="label">
				<description>Location label</description>
				<left>65</left>
				<top>5</top>
				<width>500</width>
				<height>15</height>
				<align>left</align>
				<aligny>center</aligny>
				<font>font10</font>
				<textcolor>white</textcolor>
				<shadowcolor>black</shadowcolor>
				<label>$INFO[Window(Weather).Property(Location)]</label>
			</control>
			<control type="grouplist">
				<left>65</left>
				<top>20</top>
				<width>1000</width>
				<height>30</height>
				<orientation>horizontal</orientation>
				<align>left</align>
				<itemgap>0</itemgap>
				<control type="label">
					<description>Temp label</description>
					<width min="0" max="300">auto</width>
					<height>30</height>
					<align>left</align>
					<aligny>center</aligny>
					<font>font28_title</font>
					<textcolor>white</textcolor>
					<shadowcolor>black</shadowcolor>
					<label>[B]$INFO[Window(Weather).Property(Current.Temperature)][/B]</label>
				</control>
				<control type="label">
					<description>Temp Units</description>
					<width min="0" max="100">auto</width>
					<height>22</height>
					<font>font10</font>
					<aligny>center</aligny>
					<label>$INFO[System.TemperatureUnits]</label>
					<textcolor>white</textcolor>
					<shadowcolor>black</shadowcolor>
					<visible>!IsEmpty(Window(Weather).Property(Current.Temperature))</visible>
				</control>
				<control type="label">
					<description>Conditions Label</description>
					<width>500</width>
					<height>22</height>
					<font>font10</font>
					<aligny>center</aligny>
					<label>$INFO[Window(Weather).Property(Current.Condition),  ]</label>
					<textcolor>grey2</textcolor>
					<shadowcolor>black</shadowcolor>
				</control>
			</control>
		</control>
		<include>Clock</include>
		<control type="label">
			<description>Date label</description>
			<right>20</right>
			<top>35</top>
			<width>200</width>
			<height>15</height>
			<align>right</align>
			<aligny>center</aligny>
			<font>font10</font>
			<textcolor>white</textcolor>
			<shadowcolor>black</shadowcolor>
			<label>$INFO[System.Date]</label>
			<include>Window_OpenClose_Animation</include>
			<animation effect="slide" start="0,0" end="-40,0" time="100" condition="Window.IsVisible(Mutebug)">conditional</animation>
		</control>
	</controls>	
</window>
