﻿<?xml version="1.0" encoding="UTF-8"?>
<addon id="repository.vd" version="1.0.5" name="-=Vd=- Repository" provider-name="-=Vd=-">
<extension point="xbmc.addon.metadata">
  <summary lang="en">-=Vd=- Repository</summary>
  <summary lang="ru">Репозиторий -=Vd=-</summary>
  <description lang="en">Addon repository by -=Vd=-</description>
  <description lang="ru">Репозиторий дополнений -=Vd=-</description>
  <platform>all</platform>
</extension>
<extension point="xbmc.addon.repository" name="Vd's repository">
  <info compressed="false">https://bitbucket.org/vadyur/kodi_repo/raw/master/repo/addons.xml</info>
  <checksum>https://bitbucket.org/vadyur/kodi_repo/raw/master/repo/addons.xml.md5</checksum>
  <datadir zip="true">https://bitbucket.org/vadyur/kodi_repo/raw/master/repo</datadir>
</extension>
</addon>
