﻿<?xml version="1.0" encoding="UTF-8" standalone="yes"?>
<addon id="repository.vlmaksime" name="vl.maksime Add-on repository" version="2.0.0" provider-name="vl.maksime">
    <extension point="xbmc.addon.repository">
        <info>https://vlmaksime.github.io/repository.vlmaksime/addons.xml</info>
        <checksum>https://vlmaksime.github.io/repository.vlmaksime/addons.xml.md5</checksum>
        <datadir zip="true">https://vlmaksime.github.io/repository.vlmaksime/releases/</datadir>
    </extension>
    <extension point="xbmc.addon.metadata">
        <summary lang="en">Install Add-ons from vl.maksime</summary>
        <summary lang="ru">Установить дополнения от vl.maksime</summary>
        <description lang="en">Download and install add-ons from the vl.maksime add-on repository.</description>
        <description lang="ru">Загружайте и устанавливайте обновления из репозитория vl.maksime.</description>
        <platform>all</platform>
    </extension>
</addon>