<?xml version="1.0" encoding="utf-8" standalone="yes"?>
<addon id="plugin.video.all-hit"
       name="all-hit"
       version="0.0.1"
       provider-name="[COLOR FFFFF000]Denis [/COLOR][COLOR FF00FF00]Fomin[/COLOR]">
  <requires>
    <import addon="xbmc.python" version="2.1.0"/>
  </requires>
  <extension point="xbmc.python.pluginsource" provides="video" library="addon.py">
    <provides>video</provides>
  </extension>
  <extension point="xbmc.addon.metadata">
    <summary>all-hit.tv</summary>
    <description>

    </description>
    <platform>all</platform>
  </extension>
</addon>