<?xml version="1.0" encoding="UTF-8"?>
<addon id="repository.nemiroff" version="1.0.2~matrix" name="Nemiroff Repository" provider-name="Nemiroff">
  <requires>
        <import addon="xbmc.python" version="3.0.0"/>
  </requires>
  <extension point="xbmc.addon.metadata">
    <summary lang="en">Nemiroff Repository</summary>
    <summary lang="ru">Репозиторий Nemiroff.</summary>
    <summary lang="uk">Репозиторій Nemiroff</summary>
    <description lang="en">Addon repository by Nemiroff</description>
    <description lang="ru">Репозиторий дополнений Nemiroff</description>
    <description lang="uk">Репозиторій надбудов Nemiroff</description>
    <platform>all</platform>
    <assets>
      <icon>icon.png</icon>
    </assets>
  </extension>
  <extension point="xbmc.addon.repository" name="nemiroff repository">
    <dir>
    <info compressed="false">https://nemiroff.github.io/kodi_repo/repo/addons_matrix.xml</info>
    <checksum>https://nemiroff.github.io/kodi_repo/repo/addons_matrix.xml.md5</checksum>
    <datadir zip="true">https://nemiroff.github.io/kodi_repo/repo</datadir>
    </dir>
  </extension>
</addon>
