<?xml version="1.0" encoding="utf-8" standalone="yes"?>
<addon id="plugin.video.kinoem.by"
       name="[COLOR FFFFF000]Kinoem[/COLOR][COLOR FF00FF00].by[/COLOR]"
       version="0.0.3"
       provider-name="[COLOR FFFFF000]Denis [/COLOR][COLOR FF00FF00]Fomin[/COLOR]">
  <requires>
    <import addon="xbmc.python" version="2.1.0"/>
  </requires>
  <extension point="xbmc.python.pluginsource" provides="video" library="addon.py">
    <provides>video</provides>
  </extension>
  <extension point="xbmc.addon.metadata">
    <summary>kinoem.by</summary>
    <description>Просмотр кино и сериалов онлайн бесплатно, без регистрации и смс на сайте kinoem.by</description>
    <platform>all</platform>
  </extension>
</addon>