<?xml version="1.0" encoding="UTF-8" standalone="yes"?>
<addon id="plugin.video.pokerstars.tv" name="Pokerstars TV" provider-name="Sergey Pulyaev" version="0.0.12">
  <requires>
    <import addon="xbmc.python" version="2.1.0"/>
  </requires>
  <extension library="addon.py" point="xbmc.python.pluginsource" provides="video">
    <provides>video</provides>
  </extension>
  <extension point="xbmc.addon.metadata">
    <summary>pokerstars.tv</summary>
    <description>
Plugin for watching video from site pokerstars.tv
I hope you like this!
    </description>
    <platform>all</platform>
    <license>GNU GENERAL PUBLIC LICENSE Version 3, 29 June 2007</license>
    <email>serj1903@gmail.com</email>
  </extension>
</addon>