<?xml version="1.0" encoding="UTF-8" standalone="yes"?>
<addon id="metadata.kinopoisk.ru"
       name="KinoPoisk"
       version="1.0.75.3">
  <requires>
    <import addon="xbmc.metadata" version="1.0"/>
    <import addon="metadata.common.themoviedb.org" version="1.0.3"/>
  </requires>
  <extension point="xbmc.metadata.scraper.movies"
             language="ru"
             library="kinopoisk.xml"/>
  <extension point="xbmc.addon.metadata">
    <platform>all</platform>
    <minversion>20000</minversion>
    <summary lang="en">KinoPoisk Movie Scraper</summary>
    <summary lang="hu">KinoPoisk Film scraper</summary> 
    <summary lang="kr">KinoPoisk 영화 스크래퍼</summary>
    <summary lang="pl">Scraper filmów KinoPoisk</summary>
    <summary lang="pt">Scraper de filmes KinoPoisk</summary>
    <summary lang="ru">Инфо-ресурс для фильмов с КиноПоиска</summary>
    <description lang="en">Download Movie information from www.kinopoisk.ru[CR][CR][B]ATTENTION:[/B][CR]For proper working you must set value of[CR]System->Appearance->International->Character set[CR]to Cyrillic (Windows)</description>
    <description lang="hu">Film információk letöltése a www.kinopoisk.ru webhelyről</description>
    <description lang="kr">www.kinopoisk.ru 에서 영화 정보 다운로드</description>
    <description lang="pl">Pobieraj informacje o filmach z www.kinopoisk.ru</description>
    <description lang="pt">Descarregar informação de filmes de www.kinopoisk.ru</description>
    <description lang="ru">Скачивает информацию о фильмах с сайта www.kinopoisk.ru[CR][CR][B]ВНИМАНИЕ:[/B][CR]Для нормальной работы дополнения значение параметра[CR]Система->Внешний вид->Международные->Кодировка[CR]должно быть Cyrillic (Windows)</description>
  </extension>
</addon>
