﻿<?xml version="1.0" encoding="UTF-8" standalone="yes"?>
<addon id="plugin.video.showday.tv"
       name="Сериалы Showday"
                            version="1.0.11"
       provider-name="Silen,BaRoN!">
  <requires>
    <import addon="xbmc.python" version="2.1.0"/>
  </requires>
  <extension point="xbmc.python.pluginsource"
             provides="video"
             library="default.py">
    <provides>video</provides>
  </extension>
  <extension point="xbmc.addon.metadata">
    <summary>showday.tv</summary>
    <description>SHOWDAY.TV - сериал на каждый день!
</description>
    <platform>all</platform>
  </extension>
</addon>

