<?xml version="1.0" encoding="utf-8" standalone="yes"?>
<addon id="plugin.video.filmodrom.net"
       name="[COLOR=FFCB00FF]Filmodrom[/COLOR][COLOR=FFFFF000].net[/COLOR]"
       version="0.0.3"
       provider-name="Nesterov Alexandr">
  <requires>
    <import addon="xbmc.python" version="2.1.0"/>
  </requires>
  <extension point="xbmc.python.pluginsource" provides="video" library="addon.py">
    <provides>video</provides>
  </extension>
  <extension point="xbmc.addon.metadata">
    <summary>filmodrom.net</summary>
    <description>
        Плагин для просомтра фильмов с filmodrom.net
    </description>
    <source>https://github.com/alex19pov31/plugin.video.filmodrom.net.git</source>
    <email>alex19pov31@gmail.com</email>
    <platform>all</platform>
  </extension>
</addon>