<?xml version="1.0" encoding="UTF-8" standalone="yes"?>
<addon id="plugin.video.TorPoisk"
       name="TorPoisk"
       version="0.9.7"
       provider-name="TDW">
  <requires>
    <import addon="xbmc.python" version="2.1.0"/>
    <import addon="script.module.torrent.ts"/>
  </requires>
  <extension point="xbmc.python.pluginsource"
            library="default.py">
        <provides>video</provides>
  </extension>
  <extension point="xbmc.addon.metadata">
    <summary>TorPoisk</summary>
    <description>Poisk torrentov</description>
    <platform>all</platform>
  </extension>
</addon>
