<?xml version="1.0" encoding="UTF-8"?>
<colors>
    <color name="white">FFFFFFFF</color>
    <color name="grey">FFb4b4b4</color>
    <color name="grey2">FF999999</color>
    <color name="grey3">FF505050</color>
    <color name="black">FF000000</color>
    <color name="blue">FFF30000</color>
    <color name="selected">FFEB9E17</color><!--def-->
    <color name="MenuFocus">FFF30000</color><!--blue-->
    <color name="MenuNoFocus">FF505050</color><!--grey3-->
    <color name="SubMenu">FF999999</color><!--grey2-->
    <color name="CommonBtnFocus">ffffffff</color><!--white-->
    <color name="CommonBtnNoFocus">FF999999</color><!--grey2-->
    <color name="HomeInfoOne">FFFFFFFF</color><!--white-->
    <color name="HomeInfoTwo">FFF30000</color><!--blue-->
    <color name="HomeInfoThree">FF999999</color><!--grey2-->
    <color name="StatsName">FFF30000</color><!--white-->
    <color name="StatsAmnt">FFEB9E17</color><!--white-->
    <color name="RSSText">FFFFFFFF</color><!--blue-->
    <color name="RSSTitle">FFF30000</color><!--blue-->
    <color name="RSSHiLite">FFFFFFFF</color>
    <!--ADVANCED COLORS CLOCK -->
    <color name="HomeInfoDate">FFF30000</color><!--white-->
    <color name="HomeInfoClock">FFFFFFFF</color><!--white-->
    <!--ADNVANCED COLORS HOME ALBUM INFO -->
    <color name="NowPlayAlbum">white</color><!--white-->
    <color name="NowPlayTitle">FFF30000</color><!--white-->
    <color name="NowPlayTime">white</color><!--white-->
</colors>
