<?xml version="1.0" encoding="UTF-8" standalone="yes"?>
<addon id="plugin.video.tvigle.ru"
       name="Tvigle"
       version="1.0.6"
       provider-name="HD-Lab Team">
  <requires>
    <import addon="xbmc.python" version="2.1.0"/>
  </requires>
  <extension point="xbmc.python.pluginsource"
             provides="video"
             library="default.py">
    <provides>video</provides>
  </extension>
  <extension point="xbmc.addon.metadata">
    <summary>Клипы, музыка, комедии, фильмы, мультфильмы. Бесплатное развлекательное видео на tvigle.ru</summary>
    <description>Tvigle.ru — это развлекательный портал с качественным видео. Социальная сеть Tvigle объединяет профессионалов и любителей короткометражного видео.
На нашем сайте вы можете увидеть видео различных жанров: начиная от сериалов, серьезных форматов, заканчивая музыкальными клипами и арт-хаусом. Именно здесь всем творческим людям предоставляется возможность продемонстрировать свои таланты. Ведь неважно кто ты — важны твои идеи и работы.
Сегодня Tvigle.ru — это десятки тысяч посетителей в день, сотни тысяч просмотров видео и множество талантливых авторских работ.</description>
    <platform>all</platform>
  </extension>
</addon>
