<?xml version="1.0" encoding="UTF-8"?>
<includes>
	<include name="HomeSubMenuVideos">
		<control type="image" id="90101">
			<width>35</width>
			<height>35</height>
			<texture border="0,0,0,3" flipx="true">HomeSubEnd.png</texture>
		</control>
		<control type="button" id="90102">
			<include>ButtonHomeSubCommonValues</include>
			<label>342</label>
			<onclick>ActivateWindow(Videos,MovieTitles,return)</onclick>
			<visible>Library.HasContent(Movies) + Skin.HasSetting(HomeMenuNoMovieButton)</visible>
		</control>
		<control type="button" id="90103">
			<include>ButtonHomeSubCommonValues</include>
			<label>20343</label>
			<onclick>ActivateWindow(Videos,TvShowTitles,return)</onclick>
			<visible>Library.HasContent(TVShows) + Skin.HasSetting(HomeMenuNoTVShowButton)</visible>
		</control>
		<control type="button" id="90104">
			<include>ButtonHomeSubCommonValues</include>
			<label>20389</label>
			<onclick>ActivateWindow(Videos,MusicVideoTitles,return)</onclick>
			<visible>Library.HasContent(MusicVideos) + Skin.HasSetting(HomeMenuNoMusicVideosButton)</visible>
		</control>
		<control type="button" id="90105">
			<include>ButtonHomeSubCommonValues</include>
			<label>744</label>
			<onclick>ActivateWindow(Videos,Files,return)</onclick>
		</control>
		<control type="button" id="90106">
			<include>ButtonHomeSubCommonValues</include>
			<label>14022</label>
			<onclick>ActivateWindow(Videos,Root)</onclick>
			<visible>Library.HasContent(Video)</visible>
		</control>
		<control type="button" id="90107">
			<include>ButtonHomeSubCommonValues</include>
			<label>24001</label>
			<onclick>ActivateWindow(Videos,Addons,return)</onclick>
		</control>
		<control type="image" id="90108">
			<width>35</width>
			<height>35</height>
			<texture border="0,0,0,3">HomeSubEnd.png</texture>
		</control>
	</include>
	<include name="HomeSubMenuMovies">
		<control type="image" id="90161">
			<width>35</width>
			<height>35</height>
			<texture border="0,0,0,3" flipx="true">HomeSubEnd.png</texture>
		</control>
		<control type="button" id="90162">
			<include>ButtonHomeSubCommonValues</include>
			<label>31328</label>
			<onclick>ActivateWindow(Videos,RecentlyAddedMovies,return)</onclick>
		</control>
		<control type="button" id="90163">
			<include>ButtonHomeSubCommonValues</include>
			<label>20434</label>
			<onclick>ActivateWindow(Videos,MovieSets,return)</onclick>
			<visible>Library.HasContent(MovieSets)</visible>
		</control>
		<control type="button" id="90164">
			<include>ButtonHomeSubCommonValues</include>
			<label>369</label>
			<onclick>ActivateWindow(Videos,MovieTitles,return)</onclick>
		</control>
		<control type="button" id="90165">
			<include>ButtonHomeSubCommonValues</include>
			<label>135</label>
			<onclick>ActivateWindow(Videos,MovieGenres,return)</onclick>
		</control>
		<control type="button" id="90166">
			<include>ButtonHomeSubCommonValues</include>
			<label>652</label>
			<onclick>ActivateWindow(Videos,MovieYears,return)</onclick>
		</control>
		<control type="button" id="90167">
			<include>ButtonHomeSubCommonValues</include>
			<label>344</label>
			<onclick>ActivateWindow(Videos,MovieActors,return)</onclick>
		</control>
		<control type="image" id="90168">
			<width>35</width>
			<height>35</height>
			<texture border="0,0,0,3">HomeSubEnd.png</texture>
		</control>
	</include>
	<include name="HomeSubMenuTVShows">
		<control type="image" id="90171">
			<width>35</width>
			<height>35</height>
			<texture border="0,0,0,3" flipx="true">HomeSubEnd.png</texture>
		</control>
		<control type="button" id="90172">
			<include>ButtonHomeSubCommonValues</include>
			<label>31328</label>
			<onclick>ActivateWindow(Videos,RecentlyAddedEpisodes,return)</onclick>
		</control>
		<control type="button" id="90173">
			<include>ButtonHomeSubCommonValues</include>
			<label>369</label>
			<onclick>ActivateWindow(Videos,TVShowTitles,return)</onclick>
		</control>
		<control type="button" id="90174">
			<include>ButtonHomeSubCommonValues</include>
			<label>135</label>
			<onclick>ActivateWindow(Videos,TVShowGenres,return)</onclick>
		</control>
		<control type="button" id="90175">
			<include>ButtonHomeSubCommonValues</include>
			<label>652</label>
			<onclick>ActivateWindow(Videos,TVShowYears,return)</onclick>
		</control>
		<control type="button" id="90176">
			<include>ButtonHomeSubCommonValues</include>
			<label>344</label>
			<onclick>ActivateWindow(Videos,TVShowActors,return)</onclick>
		</control>
		<control type="image" id="90177">
			<width>35</width>
			<height>35</height>
			<texture border="0,0,0,3">HomeSubEnd.png</texture>
		</control>
	</include>
	<include name="HomeSubMenuMusicVidios">
		<control type="image" id="90300">
			<width>35</width>
			<height>35</height>
			<texture border="0,0,0,3" flipx="true">HomeSubEnd.png</texture>
		</control>
		<control type="button" id="90301">
			<include>ButtonHomeSubCommonValues</include>
			<label>31328</label>
			<onclick>ActivateWindow(Videos,RecentlyAddedMusicVideos,return)</onclick>
		</control>
		<control type="button" id="90302">
			<include>ButtonHomeSubCommonValues</include>
			<label>369</label>
			<onclick>ActivateWindow(Videos,MusicVideoTitles,return)</onclick>
		</control>
		<control type="button" id="90303">
			<include>ButtonHomeSubCommonValues</include>
			<label>135</label>
			<onclick>ActivateWindow(Videos,MusicVideoGenres,return)</onclick>
		</control>
		<control type="button" id="90304">
			<include>ButtonHomeSubCommonValues</include>
			<label>652</label>
			<onclick>ActivateWindow(Videos,MusicVideoYears,return)</onclick>
		</control>
		<control type="button" id="90305">
			<include>ButtonHomeSubCommonValues</include>
			<label>133</label>
			<onclick>ActivateWindow(Videos,MusicVideoArtists,return)</onclick>
		</control>
		<control type="button" id="90306">
			<include>ButtonHomeSubCommonValues</include>
			<label>132</label>
			<onclick>ActivateWindow(Videos,MusicVideoAlbums,return)</onclick>
		</control>
		<control type="image" id="90310">
			<width>35</width>
			<height>35</height>
			<texture border="0,0,0,3">HomeSubEnd.png</texture>
		</control>
	</include>		
	<include name="HomeSubMenuMusic">
		<control type="image" id="90111">
			<width>35</width>
			<height>35</height>
			<texture border="0,0,0,3" flipx="true">HomeSubEnd.png</texture>
		</control>
		<control type="button" id="90112">
			<include>ButtonHomeSubCommonValues</include>
			<label>133</label>
			<onclick>ActivateWindow(Music,Artists,return)</onclick>
			<visible>Library.HasContent(Music)</visible>
		</control>
		<control type="button" id="90113">
			<include>ButtonHomeSubCommonValues</include>
			<label>132</label>
			<onclick>ActivateWindow(Music,Albums,return)</onclick>
			<visible>Library.HasContent(Music)</visible>
		</control>
		<control type="button" id="90114">
			<include>ButtonHomeSubCommonValues</include>
			<label>134</label>
			<onclick>ActivateWindow(Music,Songs,return)</onclick>
			<visible>Library.HasContent(Music)</visible>
		</control>
		<control type="button" id="90115">
			<include>ButtonHomeSubCommonValues</include>
			<label>744</label>
			<onclick>ActivateWindow(Music,Files,return)</onclick>
		</control>
		<control type="button" id="90116">
			<include>ButtonHomeSubCommonValues</include>
			<label>14022</label>
			<onclick>ActivateWindow(Music,Root)</onclick>
			<visible>Library.HasContent(Music)</visible>
		</control>
		<control type="button" id="90117">
			<include>ButtonHomeSubCommonValues</include>
			<label>24001</label>
			<onclick>ActivateWindow(Music,Addons,return)</onclick>
			<visible>Library.HasContent(Music)</visible>
		</control>
		<control type="button" id="90118">
			<include>ButtonHomeSubCommonValues</include>
			<label>24001</label>
			<onclick>ActivateWindow(MusicFiles,Addons,return)</onclick>
			<visible>!Library.HasContent(Music)</visible>
		</control>
		<control type="image" id="90119">
			<width>35</width>
			<height>35</height>
			<texture border="0,0,0,3">HomeSubEnd.png</texture>
		</control>
	</include>
	<include name="HomeSubMenuSystem">
		<control type="image" id="90121">
			<width>35</width>
			<height>35</height>
			<texture border="0,0,0,3" flipx="true">HomeSubEnd.png</texture>
		</control>
		<control type="button" id="90122">
			<include>ButtonHomeSubCommonValues</include>
			<label>5</label>
			<onclick>ActivateWindow(Settings)</onclick>
		</control>
		<control type="button" id="90123">
			<include>ButtonHomeSubCommonValues</include>
			<label>[COLOR FF757677]Open[/COLOR][COLOR $INFO[Skin.String(menuColor)]]ELEC[/COLOR]</label>
			<onclick>RunAddon(service.openelec.settings)</onclick>
			<visible>System.HasAddon(service.openelec.settings)</visible>
		</control>
		<control type="button" id="90124">
			<include>ButtonHomeSubCommonValues</include>
			<label>7</label>
			<onclick>ActivateWindow(FileManager)</onclick>
		</control>
		<control type="button" id="90125">
			<include>ButtonHomeSubCommonValues</include>
			<label>13200</label>
			<onclick>ActivateWindow(Profiles)</onclick>
		</control>		
		<control type="button" id="90126">
			<include>ButtonHomeSubCommonValues</include>
			<label>130</label>
			<onclick>ActivateWindow(SystemInfo)</onclick>
		</control>
		<control type="button" id="90127">
			<include>ButtonHomeSubCommonValues</include>
			<label>88118</label>
			<onclick>ActivateWindow(EventLog,events://,return)</onclick>
			<visible>system.getbool(eventlog.enabled)</visible>
		</control>
		<control type="image" id="90128">
			<width>35</width>
			<height>35</height>
			<texture border="0,0,0,3">HomeSubEnd.png</texture>
		</control>
	</include>
	<include name="HomeSubMenuPlayDisc">
		<control type="image" id="90131">
			<width>35</width>
			<height>35</height>
			<texture border="0,0,0,3" flipx="true">HomeSubEnd.png</texture>
		</control>
		<control type="button" id="90132">
			<include>ButtonHomeSubCommonValues</include>
			<label>13391</label>
			<onclick>SetFocus(9000)</onclick>
			<onclick>EjectTray()</onclick>
		</control>
		<control type="image" id="90126">
			<width>35</width>
			<height>35</height>
			<texture border="0,0,0,3">HomeSubEnd.png</texture>
		</control>
	</include>
	<include name="HomeSubMenuPictures">
		<control type="image" id="90147">
			<width>35</width>
			<height>35</height>
			<texture border="0,0,0,3" flipx="true">HomeSubEnd.png</texture>
		</control>
		<control type="button" id="90148">
			<include>ButtonHomeSubCommonValues</include>
			<label>24001</label>
			<onclick>ActivateWindow(Pictures,Addons,return)</onclick>
		</control>
		<control type="image" id="90149">
			<width>35</width>
			<height>35</height>
			<texture border="0,0,0,3">HomeSubEnd.png</texture>
		</control>
	</include>
	<include name="HomeSubMenuTV">
		<control type="image" id="90141">
			<width>35</width>
			<height>35</height>
			<texture border="0,0,0,3" flipx="true">HomeSubEnd.png</texture>
		</control>
		<control type="button" id="90143">
			<include>ButtonHomeSubCommonValues</include>
			<label>19019</label>
			<onclick>ActivateWindow(TVChannels)</onclick>
		</control>
		<control type="button" id="90144">
			<include>ButtonHomeSubCommonValues</include>
			<label>22020</label>
			<onclick>ActivateWindow(TVGuide)</onclick>
		</control>
		<control type="button" id="90145">
			<include>ButtonHomeSubCommonValues</include>
			<label>19163</label>
			<onclick>ActivateWindow(TVRecordings)</onclick>
		</control>
		<control type="button" id="90146">
			<include>ButtonHomeSubCommonValues</include>
			<label>19040</label>
			<onclick>ActivateWindow(TVTimers)</onclick>
		</control>
		<control type="button" id="90147">
			<include>ButtonHomeSubCommonValues</include>
			<label>137</label>
			<onclick>ActivateWindow(TVSearch)</onclick>
		</control>
		<control type="image" id="90148">
			<width>35</width>
			<height>35</height>
			<texture border="0,0,0,3">HomeSubEnd.png</texture>
		</control>
	</include>
	<include name="HomeSubMenuRadio">
		<control type="image" id="90141">
			<width>35</width>
			<height>35</height>
			<texture border="0,0,0,3" flipx="true">HomeSubEnd.png</texture>
		</control>
		<control type="button" id="90243">
			<include>ButtonHomeSubCommonValues</include>
			<label>19019</label>
			<onclick>ActivateWindow(RadioChannels)</onclick>
		</control>
		<control type="button" id="90244">
			<include>ButtonHomeSubCommonValues</include>
			<label>22020</label>
			<onclick>ActivateWindow(RadioGuide)</onclick>
		</control>
		<control type="button" id="90245">
			<include>ButtonHomeSubCommonValues</include>
			<label>19163</label>
			<onclick>ActivateWindow(RadioRecordings)</onclick>
		</control>
		<control type="button" id="90246">
			<include>ButtonHomeSubCommonValues</include>
			<label>19040</label>
			<onclick>ActivateWindow(RadioTimers)</onclick>
		</control>
		<control type="button" id="90247">
			<include>ButtonHomeSubCommonValues</include>
			<label>137</label>
			<onclick>ActivateWindow(RadioSearch)</onclick>
		</control>
		<control type="image" id="90248">
			<width>35</width>
			<height>35</height>
			<texture border="0,0,0,3">HomeSubEnd.png</texture>
		</control>
	</include>
	<include name="HomeAddonItemsVideos">
		<item>
			<label>$INFO[system.addontitle(Skin.String(HomeVideosButton1))]</label>
			<onclick>RunAddon($INFO[Skin.String(HomeVideosButton1)])</onclick>
			<icon>$INFO[system.addonicon(Skin.String(HomeVideosButton1))]</icon>
			<thumb>-</thumb>
			<visible>!IsEmpty(Skin.String(HomeVideosButton1))</visible>
		</item>
		<item>
			<label>$INFO[system.addontitle(Skin.String(HomeVideosButton2))]</label>
			<onclick>RunAddon($INFO[Skin.String(HomeVideosButton2)])</onclick>
			<icon>$INFO[system.addonicon(Skin.String(HomeVideosButton2))]</icon>
			<thumb>-</thumb>
			<visible>!IsEmpty(Skin.String(HomeVideosButton2))</visible>
		</item>
		<item>
			<label>$INFO[system.addontitle(Skin.String(HomeVideosButton3))]</label>
			<onclick>RunAddon($INFO[Skin.String(HomeVideosButton3)])</onclick>
			<icon>$INFO[system.addonicon(Skin.String(HomeVideosButton3))]</icon>
			<thumb>-</thumb>
			<visible>!IsEmpty(Skin.String(HomeVideosButton3))</visible>
		</item>
		<item>
			<label>$INFO[system.addontitle(Skin.String(HomeVideosButton4))]</label>
			<onclick>RunAddon($INFO[Skin.String(HomeVideosButton4)])</onclick>
			<icon>$INFO[system.addonicon(Skin.String(HomeVideosButton4))]</icon>
			<thumb>-</thumb>
			<visible>!IsEmpty(Skin.String(HomeVideosButton4))</visible>
		</item>
		<item>
			<label>$INFO[system.addontitle(Skin.String(HomeVideosButton5))]</label>
			<onclick>RunAddon($INFO[Skin.String(HomeVideosButton5)])</onclick>
			<icon>$INFO[system.addonicon(Skin.String(HomeVideosButton5))]</icon>
			<thumb>-</thumb>
			<visible>!IsEmpty(Skin.String(HomeVideosButton5))</visible>
		</item>
	</include>
	<include name="HomeAddonItemsMusic">
		<item>
			<label>$INFO[system.addontitle(Skin.String(HomeMusicButton1))]</label>
			<onclick>RunAddon($INFO[Skin.String(HomeMusicButton1)])</onclick>
			<icon>$INFO[system.addonicon(Skin.String(HomeMusicButton1))]</icon>
			<thumb>-</thumb>
			<visible>!IsEmpty(Skin.String(HomeMusicButton1))</visible>
		</item>
		<item>
			<label>$INFO[system.addontitle(Skin.String(HomeMusicButton2))]</label>
			<onclick>RunAddon($INFO[Skin.String(HomeMusicButton2)])</onclick>
			<icon>$INFO[system.addonicon(Skin.String(HomeMusicButton2))]</icon>
			<thumb>-</thumb>
			<visible>!IsEmpty(Skin.String(HomeMusicButton2))</visible>
		</item>
		<item>
			<label>$INFO[system.addontitle(Skin.String(HomeMusicButton3))]</label>
			<onclick>RunAddon($INFO[Skin.String(HomeMusicButton3)])</onclick>
			<icon>$INFO[system.addonicon(Skin.String(HomeMusicButton3))]</icon>
			<thumb>-</thumb>
			<visible>!IsEmpty(Skin.String(HomeMusicButton3))</visible>
		</item>
		<item>
			<label>$INFO[system.addontitle(Skin.String(HomeMusicButton4))]</label>
			<onclick>RunAddon($INFO[Skin.String(HomeMusicButton4)])</onclick>
			<icon>$INFO[system.addonicon(Skin.String(HomeMusicButton4))]</icon>
			<thumb>-</thumb>
			<visible>!IsEmpty(Skin.String(HomeMusicButton4))</visible>
		</item>
		<item>
			<label>$INFO[system.addontitle(Skin.String(HomeMusicButton5))]</label>
			<onclick>RunAddon($INFO[Skin.String(HomeMusicButton5)])</onclick>
			<icon>$INFO[system.addonicon(Skin.String(HomeMusicButton5))]</icon>
			<thumb>-</thumb>
			<visible>!IsEmpty(Skin.String(HomeMusicButton5))</visible>
		</item>
	</include>
	<include name="HomeAddonItemsPictures">
		<item>
			<label>$INFO[system.addontitle(Skin.String(HomePictureButton1))]</label>
			<onclick>RunAddon($INFO[Skin.String(HomePictureButton1)])</onclick>
			<icon>$INFO[system.addonicon(Skin.String(HomePictureButton1))]</icon>
			<thumb>-</thumb>
			<visible>!IsEmpty(Skin.String(HomePictureButton1))</visible>
		</item>
		<item>
			<label>$INFO[system.addontitle(Skin.String(HomePictureButton2))]</label>
			<onclick>RunAddon($INFO[Skin.String(HomePictureButton2)])</onclick>
			<icon>$INFO[system.addonicon(Skin.String(HomePictureButton2))]</icon>
			<thumb>-</thumb>
			<visible>!IsEmpty(Skin.String(HomePictureButton2))</visible>
		</item>
		<item>
			<label>$INFO[system.addontitle(Skin.String(HomePictureButton3))]</label>
			<onclick>RunAddon($INFO[Skin.String(HomePictureButton3)])</onclick>
			<icon>$INFO[system.addonicon(Skin.String(HomePictureButton3))]</icon>
			<thumb>-</thumb>
			<visible>!IsEmpty(Skin.String(HomePictureButton3))</visible>
		</item>
		<item>
			<label>$INFO[system.addontitle(Skin.String(HomePictureButton4))]</label>
			<onclick>RunAddon($INFO[Skin.String(HomePictureButton4)])</onclick>
			<icon>$INFO[system.addonicon(Skin.String(HomePictureButton4))]</icon>
			<thumb>-</thumb>
			<visible>!IsEmpty(Skin.String(HomePictureButton4))</visible>
		</item>
		<item>
			<label>$INFO[system.addontitle(Skin.String(HomePictureButton5))]</label>
			<onclick>RunAddon($INFO[Skin.String(HomePictureButton5)])</onclick>
			<icon>$INFO[system.addonicon(Skin.String(HomePictureButton5))]</icon>
			<thumb>-</thumb>
			<visible>!IsEmpty(Skin.String(HomePictureButton5))</visible>
		</item>
	</include>
	<include name="HomeAddonItemsPrograms">
		<item>
			<label>$INFO[system.addontitle(Skin.String(HomeProgramButton1))]</label>
			<onclick>RunAddon($INFO[Skin.String(HomeProgramButton1)])</onclick>
			<icon>$INFO[system.addonicon(Skin.String(HomeProgramButton1))]</icon>
			<thumb>-</thumb>
			<visible>!IsEmpty(Skin.String(HomeProgramButton1))</visible>
		</item>
		<item>
			<label>$INFO[system.addontitle(Skin.String(HomeProgramButton2))]</label>
			<onclick>RunAddon($INFO[Skin.String(HomeProgramButton2)])</onclick>
			<icon>$INFO[system.addonicon(Skin.String(HomeProgramButton2))]</icon>
			<thumb>-</thumb>
			<visible>!IsEmpty(Skin.String(HomeProgramButton2))</visible>
		</item>
		<item>
			<label>$INFO[system.addontitle(Skin.String(HomeProgramButton3))]</label>
			<onclick>RunAddon($INFO[Skin.String(HomeProgramButton3)])</onclick>
			<icon>$INFO[system.addonicon(Skin.String(HomeProgramButton3))]</icon>
			<thumb>-</thumb>
			<visible>!IsEmpty(Skin.String(HomeProgramButton3))</visible>
		</item>
		<item>
			<label>$INFO[system.addontitle(Skin.String(HomeProgramButton4))]</label>
			<onclick>RunAddon($INFO[Skin.String(HomeProgramButton4)])</onclick>
			<icon>$INFO[system.addonicon(Skin.String(HomeProgramButton4))]</icon>
			<thumb>-</thumb>
			<visible>!IsEmpty(Skin.String(HomeProgramButton4))</visible>
		</item>
		<item>
			<label>$INFO[system.addontitle(Skin.String(HomeProgramButton5))]</label>
			<onclick>RunAddon($INFO[Skin.String(HomeProgramButton5)])</onclick>
			<icon>$INFO[system.addonicon(Skin.String(HomeProgramButton5))]</icon>
			<thumb>-</thumb>
			<visible>!IsEmpty(Skin.String(HomeProgramButton5))</visible>
		</item>
	</include>
	<include name="HomeSubMenuFavourite1">
		<control type="image" id="90501">
			<width>35</width>
			<height>35</height>
			<texture border="0,0,0,3" flipx="true">HomeSubEnd.png</texture>
			<visible>!IsEmpty(Skin.String(SubCustomFavourite1.Label))</visible>
		</control>
		<control type="button" id="90502">
			<include>ButtonHomeSubCommonValues</include>
			<label>$INFO[Skin.String(SubCustomFavourite1.Label)]</label>
			<onclick>$INFO[Skin.String(SubCustomFavourite1.path)]</onclick>
			<visible>!IsEmpty(Skin.String(SubCustomFavourite1.Label))</visible>
		</control>
		<control type="button" id="90503">
			<include>ButtonHomeSubCommonValues</include>
			<label>$INFO[Skin.String(SubCustomFavourite2.Label)]</label>
			<onclick>$INFO[Skin.String(SubCustomFavourite2.path)]</onclick>
			<visible>!IsEmpty(Skin.String(SubCustomFavourite2.Label))</visible>
		</control>
		<control type="button" id="90504">
			<include>ButtonHomeSubCommonValues</include>
			<label>$INFO[Skin.String(SubCustomFavourite3.Label)]</label>
			<onclick>$INFO[Skin.String(SubCustomFavourite3.path)]</onclick>
			<visible>!IsEmpty(Skin.String(SubCustomFavourite3.Label))</visible>
		</control>
		<control type="button" id="90505">
			<include>ButtonHomeSubCommonValues</include>
			<label>$INFO[Skin.String(SubCustomFavourite4.Label)]</label>
			<onclick>$INFO[Skin.String(SubCustomFavourite4.path)]</onclick>
			<visible>!IsEmpty(Skin.String(SubCustomFavourite4.Label))</visible>
		</control>
		<control type="button" id="90506">
			<include>ButtonHomeSubCommonValues</include>
			<label>$INFO[Skin.String(SubCustomFavourite5.Label)]</label>
			<onclick>$INFO[Skin.String(SubCustomFavourite5.path)]</onclick>
			<visible>!IsEmpty(Skin.String(SubCustomFavourite5.Label))</visible>
		</control>
		<control type="button" id="90507">
			<include>ButtonHomeSubCommonValues</include>
			<label>$INFO[Skin.String(SubCustomFavourite6.Label)]</label>
			<onclick>$INFO[Skin.String(SubCustomFavourite6.path)]</onclick>
			<visible>!IsEmpty(Skin.String(SubCustomFavourite6.Label))</visible>
		</control>
		<control type="image" id="90508">
			<width>35</width>
			<height>35</height>
			<texture border="0,0,0,3">HomeSubEnd.png</texture>
			<visible>!IsEmpty(Skin.String(SubCustomFavourite1.Label))</visible>
		</control>
	</include>
	<include name="HomeSubMenuFavourite2">
		<control type="image" id="90521">
			<width>35</width>
			<height>35</height>
			<texture border="0,0,0,3" flipx="true">HomeSubEnd.png</texture>
			<visible>!IsEmpty(Skin.String(SubCustomFavourite21.Label))</visible>
		</control>
		<control type="button" id="90522">
			<include>ButtonHomeSubCommonValues</include>
			<label>$INFO[Skin.String(SubCustomFavourite21.Label)]</label>
			<onclick>$INFO[Skin.String(SubCustomFavourite21.path)]</onclick>
			<visible>!IsEmpty(Skin.String(SubCustomFavourite21.Label))</visible>
		</control>
		<control type="button" id="90523">
			<include>ButtonHomeSubCommonValues</include>
			<label>$INFO[Skin.String(SubCustomFavourite22.Label)]</label>
			<onclick>$INFO[Skin.String(SubCustomFavourite22.path)]</onclick>
			<visible>!IsEmpty(Skin.String(SubCustomFavourite22.Label))</visible>
		</control>
		<control type="button" id="90524">
			<include>ButtonHomeSubCommonValues</include>
			<label>$INFO[Skin.String(SubCustomFavourite23.Label)]</label>
			<onclick>$INFO[Skin.String(SubCustomFavourite23.path)]</onclick>
			<visible>!IsEmpty(Skin.String(SubCustomFavourite23.Label))</visible>
		</control>
		<control type="button" id="90525">
			<include>ButtonHomeSubCommonValues</include>
			<label>$INFO[Skin.String(SubCustomFavourite24.Label)]</label>
			<onclick>$INFO[Skin.String(SubCustomFavourite24.path)]</onclick>
			<visible>!IsEmpty(Skin.String(SubCustomFavourite24.Label))</visible>
		</control>
		<control type="button" id="90526">
			<include>ButtonHomeSubCommonValues</include>
			<label>$INFO[Skin.String(SubCustomFavourite25.Label)]</label>
			<onclick>$INFO[Skin.String(SubCustomFavourite25.path)]</onclick>
			<visible>!IsEmpty(Skin.String(SubCustomFavourite25.Label))</visible>
		</control>
		<control type="button" id="90527">
			<include>ButtonHomeSubCommonValues</include>
			<label>$INFO[Skin.String(SubCustomFavourite26.Label)]</label>
			<onclick>$INFO[Skin.String(SubCustomFavourite26.path)]</onclick>
			<visible>!IsEmpty(Skin.String(SubCustomFavourite26.Label))</visible>
		</control>
		<control type="image" id="90528">
			<width>35</width>
			<height>35</height>
			<texture border="0,0,0,3">HomeSubEnd.png</texture>
			<visible>!IsEmpty(Skin.String(SubCustomFavourite21.Label))</visible>
		</control>
	</include>
	<include name="HomeSubMenuFavourite3">
		<control type="image" id="90531">
			<width>35</width>
			<height>35</height>
			<texture border="0,0,0,3" flipx="true">HomeSubEnd.png</texture>
			<visible>!IsEmpty(Skin.String(SubCustomFavourite31.Label))</visible>
		</control>
		<control type="button" id="90532">
			<include>ButtonHomeSubCommonValues</include>
			<label>$INFO[Skin.String(SubCustomFavourite31.Label)]</label>
			<onclick>$INFO[Skin.String(SubCustomFavourite31.path)]</onclick>
			<visible>!IsEmpty(Skin.String(SubCustomFavourite31.Label))</visible>
		</control>
		<control type="button" id="90533">
			<include>ButtonHomeSubCommonValues</include>
			<label>$INFO[Skin.String(SubCustomFavourite32.Label)]</label>
			<onclick>$INFO[Skin.String(SubCustomFavourite32.path)]</onclick>
			<visible>!IsEmpty(Skin.String(SubCustomFavourite32.Label))</visible>
		</control>
		<control type="button" id="90534">
			<include>ButtonHomeSubCommonValues</include>
			<label>$INFO[Skin.String(SubCustomFavourite33.Label)]</label>
			<onclick>$INFO[Skin.String(SubCustomFavourite33.path)]</onclick>
			<visible>!IsEmpty(Skin.String(SubCustomFavourite33.Label))</visible>
		</control>
		<control type="button" id="90535">
			<include>ButtonHomeSubCommonValues</include>
			<label>$INFO[Skin.String(SubCustomFavourite34.Label)]</label>
			<onclick>$INFO[Skin.String(SubCustomFavourite34.path)]</onclick>
			<visible>!IsEmpty(Skin.String(SubCustomFavourite34.Label))</visible>
		</control>
		<control type="button" id="90536">
			<include>ButtonHomeSubCommonValues</include>
			<label>$INFO[Skin.String(SubCustomFavourite35.Label)]</label>
			<onclick>$INFO[Skin.String(SubCustomFavourite35.path)]</onclick>
			<visible>!IsEmpty(Skin.String(SubCustomFavourite35.Label))</visible>
		</control>
		<control type="button" id="90537">
			<include>ButtonHomeSubCommonValues</include>
			<label>$INFO[Skin.String(SubCustomFavourite36.Label)]</label>
			<onclick>$INFO[Skin.String(SubCustomFavourite36.path)]</onclick>
			<visible>!IsEmpty(Skin.String(SubCustomFavourite36.Label))</visible>
		</control>
		<control type="image" id="90538">
			<width>35</width>
			<height>35</height>
			<texture border="0,0,0,3">HomeSubEnd.png</texture>
			<visible>!IsEmpty(Skin.String(SubCustomFavourite31.Label))</visible>
		</control>
	</include>
	<include name="HomeSubMenuFavourite4">
		<control type="image" id="90541">
			<width>35</width>
			<height>35</height>
			<texture border="0,0,0,3" flipx="true">HomeSubEnd.png</texture>
			<visible>!IsEmpty(Skin.String(SubCustomFavourite41.Label))</visible>
		</control>
		<control type="button" id="90542">
			<include>ButtonHomeSubCommonValues</include>
			<label>$INFO[Skin.String(SubCustomFavourite41.Label)]</label>
			<onclick>$INFO[Skin.String(SubCustomFavourite41.path)]</onclick>
			<visible>!IsEmpty(Skin.String(SubCustomFavourite41.Label))</visible>
		</control>
		<control type="button" id="90543">
			<include>ButtonHomeSubCommonValues</include>
			<label>$INFO[Skin.String(SubCustomFavourite42.Label)]</label>
			<onclick>$INFO[Skin.String(SubCustomFavourite42.path)]</onclick>
			<visible>!IsEmpty(Skin.String(SubCustomFavourite42.Label))</visible>
		</control>
		<control type="button" id="90544">
			<include>ButtonHomeSubCommonValues</include>
			<label>$INFO[Skin.String(SubCustomFavourite43.Label)]</label>
			<onclick>$INFO[Skin.String(SubCustomFavourite43.path)]</onclick>
			<visible>!IsEmpty(Skin.String(SubCustomFavourite43.Label))</visible>
		</control>
		<control type="button" id="90545">
			<include>ButtonHomeSubCommonValues</include>
			<label>$INFO[Skin.String(SubCustomFavourite44.Label)]</label>
			<onclick>$INFO[Skin.String(SubCustomFavourite44.path)]</onclick>
			<visible>!IsEmpty(Skin.String(SubCustomFavourite44.Label))</visible>
		</control>
		<control type="button" id="90546">
			<include>ButtonHomeSubCommonValues</include>
			<label>$INFO[Skin.String(SubCustomFavourite45.Label)]</label>
			<onclick>$INFO[Skin.String(SubCustomFavourite45.path)]</onclick>
			<visible>!IsEmpty(Skin.String(SubCustomFavourite45.Label))</visible>
		</control>
		<control type="button" id="90547">
			<include>ButtonHomeSubCommonValues</include>
			<label>$INFO[Skin.String(SubCustomFavourite46.Label)]</label>
			<onclick>$INFO[Skin.String(SubCustomFavourite46.path)]</onclick>
			<visible>!IsEmpty(Skin.String(SubCustomFavourite46.Label))</visible>
		</control>
		<control type="image" id="90548">
			<width>35</width>
			<height>35</height>
			<texture border="0,0,0,3">HomeSubEnd.png</texture>
			<visible>!IsEmpty(Skin.String(SubCustomFavourite41.Label))</visible>
		</control>
	</include>
	<include name="HomeSubMenuFavourite5">
		<control type="image" id="90551">
			<width>35</width>
			<height>35</height>
			<texture border="0,0,0,3" flipx="true">HomeSubEnd.png</texture>
			<visible>!IsEmpty(Skin.String(SubCustomFavourite51.Label))</visible>
		</control>
		<control type="button" id="90552">
			<include>ButtonHomeSubCommonValues</include>
			<label>$INFO[Skin.String(SubCustomFavourite51.Label)]</label>
			<onclick>$INFO[Skin.String(SubCustomFavourite51.path)]</onclick>
			<visible>!IsEmpty(Skin.String(SubCustomFavourite51.Label))</visible>
		</control>
		<control type="button" id="90553">
			<include>ButtonHomeSubCommonValues</include>
			<label>$INFO[Skin.String(SubCustomFavourite52.Label)]</label>
			<onclick>$INFO[Skin.String(SubCustomFavourite52.path)]</onclick>
			<visible>!IsEmpty(Skin.String(SubCustomFavourite52.Label))</visible>
		</control>
		<control type="button" id="90554">
			<include>ButtonHomeSubCommonValues</include>
			<label>$INFO[Skin.String(SubCustomFavourite53.Label)]</label>
			<onclick>$INFO[Skin.String(SubCustomFavourite53.path)]</onclick>
			<visible>!IsEmpty(Skin.String(SubCustomFavourite53.Label))</visible>
		</control>
		<control type="button" id="90555">
			<include>ButtonHomeSubCommonValues</include>
			<label>$INFO[Skin.String(SubCustomFavourite54.Label)]</label>
			<onclick>$INFO[Skin.String(SubCustomFavourite54.path)]</onclick>
			<visible>!IsEmpty(Skin.String(SubCustomFavourite54.Label))</visible>
		</control>
		<control type="button" id="90556">
			<include>ButtonHomeSubCommonValues</include>
			<label>$INFO[Skin.String(SubCustomFavourite55.Label)]</label>
			<onclick>$INFO[Skin.String(SubCustomFavourite55.path)]</onclick>
			<visible>!IsEmpty(Skin.String(SubCustomFavourite55.Label))</visible>
		</control>
		<control type="button" id="90557">
			<include>ButtonHomeSubCommonValues</include>
			<label>$INFO[Skin.String(SubCustomFavourite56.Label)]</label>
			<onclick>$INFO[Skin.String(SubCustomFavourite56.path)]</onclick>
			<visible>!IsEmpty(Skin.String(SubCustomFavourite56.Label))</visible>
		</control>
		<control type="image" id="90558">
			<width>35</width>
			<height>35</height>
			<texture border="0,0,0,3">HomeSubEnd.png</texture>
			<visible>!IsEmpty(Skin.String(SubCustomFavourite51.Label))</visible>
		</control>
	</include>
	<include name="HomeSubMenuFavourite6">
		<control type="image" id="90561">
			<width>35</width>
			<height>35</height>
			<texture border="0,0,0,3" flipx="true">HomeSubEnd.png</texture>
			<visible>!IsEmpty(Skin.String(SubCustomFavourite61.Label))</visible>
		</control>
		<control type="button" id="90562">
			<include>ButtonHomeSubCommonValues</include>
			<label>$INFO[Skin.String(SubCustomFavourite61.Label)]</label>
			<onclick>$INFO[Skin.String(SubCustomFavourite61.path)]</onclick>
			<visible>!IsEmpty(Skin.String(SubCustomFavourite61.Label))</visible>
		</control>
		<control type="button" id="90563">
			<include>ButtonHomeSubCommonValues</include>
			<label>$INFO[Skin.String(SubCustomFavourite62.Label)]</label>
			<onclick>$INFO[Skin.String(SubCustomFavourite62.path)]</onclick>
			<visible>!IsEmpty(Skin.String(SubCustomFavourite62.Label))</visible>
		</control>
		<control type="button" id="90564">
			<include>ButtonHomeSubCommonValues</include>
			<label>$INFO[Skin.String(SubCustomFavourite63.Label)]</label>
			<onclick>$INFO[Skin.String(SubCustomFavourite63.path)]</onclick>
			<visible>!IsEmpty(Skin.String(SubCustomFavourite63.Label))</visible>
		</control>
		<control type="button" id="90565">
			<include>ButtonHomeSubCommonValues</include>
			<label>$INFO[Skin.String(SubCustomFavourite64.Label)]</label>
			<onclick>$INFO[Skin.String(SubCustomFavourite64.path)]</onclick>
			<visible>!IsEmpty(Skin.String(SubCustomFavourite64.Label))</visible>
		</control>
		<control type="button" id="90566">
			<include>ButtonHomeSubCommonValues</include>
			<label>$INFO[Skin.String(SubCustomFavourite65.Label)]</label>
			<onclick>$INFO[Skin.String(SubCustomFavourite65.path)]</onclick>
			<visible>!IsEmpty(Skin.String(SubCustomFavourite65.Label))</visible>
		</control>
		<control type="button" id="90567">
			<include>ButtonHomeSubCommonValues</include>
			<label>$INFO[Skin.String(SubCustomFavourite66.Label)]</label>
			<onclick>$INFO[Skin.String(SubCustomFavourite66.path)]</onclick>
			<visible>!IsEmpty(Skin.String(SubCustomFavourite66.Label))</visible>
		</control>
		<control type="image" id="90568">
			<width>35</width>
			<height>35</height>
			<texture border="0,0,0,3">HomeSubEnd.png</texture>
			<visible>!IsEmpty(Skin.String(SubCustomFavourite61.Label))</visible>
		</control>
	</include>
	<include name="HomeSubMenuFavourite7">
		<control type="image" id="90571">
			<width>35</width>
			<height>35</height>
			<texture border="0,0,0,3" flipx="true">HomeSubEnd.png</texture>
			<visible>!IsEmpty(Skin.String(SubCustomFavourite71.Label))</visible>
		</control>
		<control type="button" id="90572">
			<include>ButtonHomeSubCommonValues</include>
			<label>$INFO[Skin.String(SubCustomFavourite71.Label)]</label>
			<onclick>$INFO[Skin.String(SubCustomFavourite71.path)]</onclick>
			<visible>!IsEmpty(Skin.String(SubCustomFavourite71.Label))</visible>
		</control>
		<control type="button" id="90573">
			<include>ButtonHomeSubCommonValues</include>
			<label>$INFO[Skin.String(SubCustomFavourite72.Label)]</label>
			<onclick>$INFO[Skin.String(SubCustomFavourite72.path)]</onclick>
			<visible>!IsEmpty(Skin.String(SubCustomFavourite72.Label))</visible>
		</control>
		<control type="button" id="90574">
			<include>ButtonHomeSubCommonValues</include>
			<label>$INFO[Skin.String(SubCustomFavourite73.Label)]</label>
			<onclick>$INFO[Skin.String(SubCustomFavourite73.path)]</onclick>
			<visible>!IsEmpty(Skin.String(SubCustomFavourite73.Label))</visible>
		</control>
		<control type="button" id="90575">
			<include>ButtonHomeSubCommonValues</include>
			<label>$INFO[Skin.String(SubCustomFavourite74.Label)]</label>
			<onclick>$INFO[Skin.String(SubCustomFavourite74.path)]</onclick>
			<visible>!IsEmpty(Skin.String(SubCustomFavourite74.Label))</visible>
		</control>
		<control type="button" id="90576">
			<include>ButtonHomeSubCommonValues</include>
			<label>$INFO[Skin.String(SubCustomFavourite75.Label)]</label>
			<onclick>$INFO[Skin.String(SubCustomFavourite75.path)]</onclick>
			<visible>!IsEmpty(Skin.String(SubCustomFavourite75.Label))</visible>
		</control>
		<control type="button" id="90577">
			<include>ButtonHomeSubCommonValues</include>
			<label>$INFO[Skin.String(SubCustomFavourite76.Label)]</label>
			<onclick>$INFO[Skin.String(SubCustomFavourite76.path)]</onclick>
			<visible>!IsEmpty(Skin.String(SubCustomFavourite76.Label))</visible>
		</control>
		<control type="image" id="90578">
			<width>35</width>
			<height>35</height>
			<texture border="0,0,0,3">HomeSubEnd.png</texture>
			<visible>!IsEmpty(Skin.String(SubCustomFavourite71.Label))</visible>
		</control>
	</include>
	<include name="HomeSubMenuFavourite8">
		<control type="image" id="90581">
			<width>35</width>
			<height>35</height>
			<texture border="0,0,0,3" flipx="true">HomeSubEnd.png</texture>
			<visible>!IsEmpty(Skin.String(SubCustomFavourite81.Label))</visible>
		</control>
		<control type="button" id="90582">
			<include>ButtonHomeSubCommonValues</include>
			<label>$INFO[Skin.String(SubCustomFavourite81.Label)]</label>
			<onclick>$INFO[Skin.String(SubCustomFavourite81.path)]</onclick>
			<visible>!IsEmpty(Skin.String(SubCustomFavourite81.Label))</visible>
		</control>
		<control type="button" id="90583">
			<include>ButtonHomeSubCommonValues</include>
			<label>$INFO[Skin.String(SubCustomFavourite82.Label)]</label>
			<onclick>$INFO[Skin.String(SubCustomFavourite82.path)]</onclick>
			<visible>!IsEmpty(Skin.String(SubCustomFavourite82.Label))</visible>
		</control>
		<control type="button" id="90584">
			<include>ButtonHomeSubCommonValues</include>
			<label>$INFO[Skin.String(SubCustomFavourite83.Label)]</label>
			<onclick>$INFO[Skin.String(SubCustomFavourite83.path)]</onclick>
			<visible>!IsEmpty(Skin.String(SubCustomFavourite83.Label))</visible>
		</control>
		<control type="button" id="90585">
			<include>ButtonHomeSubCommonValues</include>
			<label>$INFO[Skin.String(SubCustomFavourite84.Label)]</label>
			<onclick>$INFO[Skin.String(SubCustomFavourite84.path)]</onclick>
			<visible>!IsEmpty(Skin.String(SubCustomFavourite84.Label))</visible>
		</control>
		<control type="button" id="90586">
			<include>ButtonHomeSubCommonValues</include>
			<label>$INFO[Skin.String(SubCustomFavourite85.Label)]</label>
			<onclick>$INFO[Skin.String(SubCustomFavourite85.path)]</onclick>
			<visible>!IsEmpty(Skin.String(SubCustomFavourite85.Label))</visible>
		</control>
		<control type="button" id="90587">
			<include>ButtonHomeSubCommonValues</include>
			<label>$INFO[Skin.String(SubCustomFavourite86.Label)]</label>
			<onclick>$INFO[Skin.String(SubCustomFavourite86.path)]</onclick>
			<visible>!IsEmpty(Skin.String(SubCustomFavourite86.Label))</visible>
		</control>
		<control type="image" id="90588">
			<width>35</width>
			<height>35</height>
			<texture border="0,0,0,3">HomeSubEnd.png</texture>
			<visible>!IsEmpty(Skin.String(SubCustomFavourite81.Label))</visible>
		</control>
	</include>
	<include name="HomeSubMenuFavourite9">
		<control type="image" id="90591">
			<width>35</width>
			<height>35</height>
			<texture border="0,0,0,3" flipx="true">HomeSubEnd.png</texture>
			<visible>!IsEmpty(Skin.String(SubCustomFavourite91.Label))</visible>
		</control>
		<control type="button" id="90592">
			<include>ButtonHomeSubCommonValues</include>
			<label>$INFO[Skin.String(SubCustomFavourite91.Label)]</label>
			<onclick>$INFO[Skin.String(SubCustomFavourite91.path)]</onclick>
			<visible>!IsEmpty(Skin.String(SubCustomFavourite91.Label))</visible>
		</control>
		<control type="button" id="90593">
			<include>ButtonHomeSubCommonValues</include>
			<label>$INFO[Skin.String(SubCustomFavourite92.Label)]</label>
			<onclick>$INFO[Skin.String(SubCustomFavourite92.path)]</onclick>
			<visible>!IsEmpty(Skin.String(SubCustomFavourite92.Label))</visible>
		</control>
		<control type="button" id="90594">
			<include>ButtonHomeSubCommonValues</include>
			<label>$INFO[Skin.String(SubCustomFavourite93.Label)]</label>
			<onclick>$INFO[Skin.String(SubCustomFavourite93.path)]</onclick>
			<visible>!IsEmpty(Skin.String(SubCustomFavourite93.Label))</visible>
		</control>
		<control type="button" id="90595">
			<include>ButtonHomeSubCommonValues</include>
			<label>$INFO[Skin.String(SubCustomFavourite94.Label)]</label>
			<onclick>$INFO[Skin.String(SubCustomFavourite94.path)]</onclick>
			<visible>!IsEmpty(Skin.String(SubCustomFavourite94.Label))</visible>
		</control>
		<control type="button" id="90596">
			<include>ButtonHomeSubCommonValues</include>
			<label>$INFO[Skin.String(SubCustomFavourite95.Label)]</label>
			<onclick>$INFO[Skin.String(SubCustomFavourite95.path)]</onclick>
			<visible>!IsEmpty(Skin.String(SubCustomFavourite95.Label))</visible>
		</control>
		<control type="button" id="90597">
			<include>ButtonHomeSubCommonValues</include>
			<label>$INFO[Skin.String(SubCustomFavourite96.Label)]</label>
			<onclick>$INFO[Skin.String(SubCustomFavourite96.path)]</onclick>
			<visible>!IsEmpty(Skin.String(SubCustomFavourite96.Label))</visible>
		</control>
		<control type="image" id="90598">
			<width>35</width>
			<height>35</height>
			<texture border="0,0,0,3">HomeSubEnd.png</texture>
			<visible>!IsEmpty(Skin.String(SubCustomFavourite91.Label))</visible>
		</control>
	</include>
	<include name="HomeSubMenuFavourite10">
		<control type="image" id="90511">
			<width>35</width>
			<height>35</height>
			<texture border="0,0,0,3" flipx="true">HomeSubEnd.png</texture>
			<visible>!IsEmpty(Skin.String(SubCustomFavourite11.Label))</visible>
		</control>
		<control type="button" id="90512">
			<include>ButtonHomeSubCommonValues</include>
			<label>$INFO[Skin.String(SubCustomFavourite11.Label)]</label>
			<onclick>$INFO[Skin.String(SubCustomFavourite11.path)]</onclick>
			<visible>!IsEmpty(Skin.String(SubCustomFavourite11.Label))</visible>
		</control>
		<control type="button" id="90513">
			<include>ButtonHomeSubCommonValues</include>
			<label>$INFO[Skin.String(SubCustomFavourite12.Label)]</label>
			<onclick>$INFO[Skin.String(SubCustomFavourite12.path)]</onclick>
			<visible>!IsEmpty(Skin.String(SubCustomFavourite12.Label))</visible>
		</control>
		<control type="button" id="90514">
			<include>ButtonHomeSubCommonValues</include>
			<label>$INFO[Skin.String(SubCustomFavourite13.Label)]</label>
			<onclick>$INFO[Skin.String(SubCustomFavourite13.path)]</onclick>
			<visible>!IsEmpty(Skin.String(SubCustomFavourite13.Label))</visible>
		</control>
		<control type="button" id="90515">
			<include>ButtonHomeSubCommonValues</include>
			<label>$INFO[Skin.String(SubCustomFavourite14.Label)]</label>
			<onclick>$INFO[Skin.String(SubCustomFavourite14.path)]</onclick>
			<visible>!IsEmpty(Skin.String(SubCustomFavourite14.Label))</visible>
		</control>
		<control type="button" id="90516">
			<include>ButtonHomeSubCommonValues</include>
			<label>$INFO[Skin.String(SubCustomFavourite15.Label)]</label>
			<onclick>$INFO[Skin.String(SubCustomFavourite15.path)]</onclick>
			<visible>!IsEmpty(Skin.String(SubCustomFavourite15.Label))</visible>
		</control>
		<control type="button" id="90517">
			<include>ButtonHomeSubCommonValues</include>
			<label>$INFO[Skin.String(SubCustomFavourite16.Label)]</label>
			<onclick>$INFO[Skin.String(SubCustomFavourite16.path)]</onclick>
			<visible>!IsEmpty(Skin.String(SubCustomFavourite16.Label))</visible>
		</control>
		<control type="image" id="90518">
			<width>35</width>
			<height>35</height>
			<texture border="0,0,0,3">HomeSubEnd.png</texture>
			<visible>!IsEmpty(Skin.String(SubCustomFavourite11.Label))</visible>
		</control>
	</include>
	<include name="HomeAddonItemsTVPVR">
		<item>
			<label>$INFO[system.addontitle(Skin.String(HomeTVPVRButton1))]</label>
			<onclick>RunAddon($INFO[Skin.String(HomeTVPVRButton1)])</onclick>
			<icon>$INFO[system.addonicon(Skin.String(HomeTVPVRButton1))]</icon>
			<thumb>-</thumb>
			<visible>!IsEmpty(Skin.String(HomeTVPVRButton1))</visible>
		</item>
		<item>
			<label>$INFO[system.addontitle(Skin.String(HomeTVPVRButton2))]</label>
			<onclick>RunAddon($INFO[Skin.String(HomeTVPVRButton2)])</onclick>
			<icon>$INFO[system.addonicon(Skin.String(HomeTVPVRButton2))]</icon>
			<thumb>-</thumb>
			<visible>!IsEmpty(Skin.String(HomeTVPVRButton2))</visible>
		</item>
		<item>
			<label>$INFO[system.addontitle(Skin.String(HomeTVPVRButton3))]</label>
			<onclick>RunAddon($INFO[Skin.String(HomeTVPVRButton3)])</onclick>
			<icon>$INFO[system.addonicon(Skin.String(HomeTVPVRButton3))]</icon>
			<thumb>-</thumb>
			<visible>!IsEmpty(Skin.String(HomeTVPVRButton3))</visible>
		</item>
		<item>
			<label>$INFO[system.addontitle(Skin.String(HomeTVPVRButton4))]</label>
			<onclick>RunAddon($INFO[Skin.String(HomeTVPVRButton4)])</onclick>
			<icon>$INFO[system.addonicon(Skin.String(HomeTVPVRButton4))]</icon>
			<thumb>-</thumb>
			<visible>!IsEmpty(Skin.String(HomeTVPVRButton4))</visible>
		</item>
		<item>
			<label>$INFO[system.addontitle(Skin.String(HomeTVPVRButton5))]</label>
			<onclick>RunAddon($INFO[Skin.String(HomeTVPVRButton5)])</onclick>
			<icon>$INFO[system.addonicon(Skin.String(HomeTVPVRButton5))]</icon>
			<thumb>-</thumb>
			<visible>!IsEmpty(Skin.String(HomeTVPVRButton5))</visible>
		</item>
	</include>
	<include name="HomeAddonItemsRadioPVR">
		<item>
			<label>$INFO[system.addontitle(Skin.String(HomeRadioPVRButton1))]</label>
			<onclick>RunAddon($INFO[Skin.String(HomeRadioPVRButton1)])</onclick>
			<icon>$INFO[system.addonicon(Skin.String(HomeRadioPVRButton1))]</icon>
			<thumb>-</thumb>
			<visible>!IsEmpty(Skin.String(HomeRadioPVRButton1))</visible>
		</item>
		<item>
			<label>$INFO[system.addontitle(Skin.String(HomeRadioPVRButton2))]</label>
			<onclick>RunAddon($INFO[Skin.String(HomeRadioPVRButton2)])</onclick>
			<icon>$INFO[system.addonicon(Skin.String(HomeRadioPVRButton2))]</icon>
			<thumb>-</thumb>
			<visible>!IsEmpty(Skin.String(HomeRadioPVRButton2))</visible>
		</item>
		<item>
			<label>$INFO[system.addontitle(Skin.String(HomeRadioPVRButton3))]</label>
			<onclick>RunAddon($INFO[Skin.String(HomeRadioPVRButton3)])</onclick>
			<icon>$INFO[system.addonicon(Skin.String(HomeRadioPVRButton3))]</icon>
			<thumb>-</thumb>
			<visible>!IsEmpty(Skin.String(HomeRadioPVRButton3))</visible>
		</item>
		<item>
			<label>$INFO[system.addontitle(Skin.String(HomeRadioPVRButton4))]</label>
			<onclick>RunAddon($INFO[Skin.String(HomeRadioPVRButton4)])</onclick>
			<icon>$INFO[system.addonicon(Skin.String(HomeRadioPVRButton4))]</icon>
			<thumb>-</thumb>
			<visible>!IsEmpty(Skin.String(HomeRadioPVRButton4))</visible>
		</item>
		<item>
			<label>$INFO[system.addontitle(Skin.String(HomeRadioPVRButton5))]</label>
			<onclick>RunAddon($INFO[Skin.String(HomeRadioPVRButton5)])</onclick>
			<icon>$INFO[system.addonicon(Skin.String(HomeRadioPVRButton5))]</icon>
			<thumb>-</thumb>
			<visible>!IsEmpty(Skin.String(HomeRadioPVRButton5))</visible>
		</item>
	</include>
	<include name="HomeAddonItemsFavourite1">
		<item>
			<label>$INFO[system.addontitle(Skin.String(HomeFavourite1Button1))]</label>
			<onclick>RunAddon($INFO[Skin.String(HomeFavourite1Button1)])</onclick>
			<icon>$INFO[system.addonicon(Skin.String(HomeFavourite1Button1))]</icon>
			<thumb>-</thumb>
			<visible>!IsEmpty(Skin.String(HomeFavourite1Button1))</visible>
		</item>
		<item>
			<label>$INFO[system.addontitle(Skin.String(HomeFavourite1Button2))]</label>
			<onclick>RunAddon($INFO[Skin.String(HomeFavourite1Button2)])</onclick>
			<icon>$INFO[system.addonicon(Skin.String(HomeFavourite1Button2))]</icon>
			<thumb>-</thumb>
			<visible>!IsEmpty(Skin.String(HomeFavourite1Button2))</visible>
		</item>
		<item>
			<label>$INFO[system.addontitle(Skin.String(HomeFavourite1Button3))]</label>
			<onclick>RunAddon($INFO[Skin.String(HomeFavourite1Button3)])</onclick>
			<icon>$INFO[system.addonicon(Skin.String(HomeFavourite1Button3))]</icon>
			<thumb>-</thumb>
			<visible>!IsEmpty(Skin.String(HomeFavourite1Button3))</visible>
		</item>
		<item>
			<label>$INFO[system.addontitle(Skin.String(HomeFavourite1Button4))]</label>
			<onclick>RunAddon($INFO[Skin.String(HomeFavourite1Button4)])</onclick>
			<icon>$INFO[system.addonicon(Skin.String(HomeFavourite1Button4))]</icon>
			<thumb>-</thumb>
			<visible>!IsEmpty(Skin.String(HomeFavourite1Button4))</visible>
		</item>
		<item>
			<label>$INFO[system.addontitle(Skin.String(HomeFavourite1Button5))]</label>
			<onclick>RunAddon($INFO[Skin.String(HomeFavourite1Button5)])</onclick>
			<icon>$INFO[system.addonicon(Skin.String(HomeFavourite1Button5))]</icon>
			<thumb>-</thumb>
			<visible>!IsEmpty(Skin.String(HomeFavourite1Button5))</visible>
		</item>
	</include>
	<include name="HomeAddonItemsFavourite2">
		<item>
			<label>$INFO[system.addontitle(Skin.String(HomeFavourite2Button1))]</label>
			<onclick>RunAddon($INFO[Skin.String(HomeFavourite2Button1)])</onclick>
			<icon>$INFO[system.addonicon(Skin.String(HomeFavourite2Button1))]</icon>
			<thumb>-</thumb>
			<visible>!IsEmpty(Skin.String(HomeFavourite2Button1))</visible>
		</item>
		<item>
			<label>$INFO[system.addontitle(Skin.String(HomeFavourite2Button2))]</label>
			<onclick>RunAddon($INFO[Skin.String(HomeFavourite2Button2)])</onclick>
			<icon>$INFO[system.addonicon(Skin.String(HomeFavourite2Button2))]</icon>
			<thumb>-</thumb>
			<visible>!IsEmpty(Skin.String(HomeFavourite2Button2))</visible>
		</item>
		<item>
			<label>$INFO[system.addontitle(Skin.String(HomeFavourite2Button3))]</label>
			<onclick>RunAddon($INFO[Skin.String(HomeFavourite2Button3)])</onclick>
			<icon>$INFO[system.addonicon(Skin.String(HomeFavourite2Button3))]</icon>
			<thumb>-</thumb>
			<visible>!IsEmpty(Skin.String(HomeFavourite2Button3))</visible>
		</item>
		<item>
			<label>$INFO[system.addontitle(Skin.String(HomeFavourite2Button4))]</label>
			<onclick>RunAddon($INFO[Skin.String(HomeFavourite2Button4)])</onclick>
			<icon>$INFO[system.addonicon(Skin.String(HomeFavourite2Button4))]</icon>
			<thumb>-</thumb>
			<visible>!IsEmpty(Skin.String(HomeFavourite2Button4))</visible>
		</item>
		<item>
			<label>$INFO[system.addontitle(Skin.String(HomeFavourite2Button5))]</label>
			<onclick>RunAddon($INFO[Skin.String(HomeFavourite2Button5)])</onclick>
			<icon>$INFO[system.addonicon(Skin.String(HomeFavourite2Button5))]</icon>
			<thumb>-</thumb>
			<visible>!IsEmpty(Skin.String(HomeFavourite2Button5))</visible>
		</item>
	</include>
	<include name="HomeAddonItemsFavourite3">
		<item>
			<label>$INFO[system.addontitle(Skin.String(HomeFavourite3Button1))]</label>
			<onclick>RunAddon($INFO[Skin.String(HomeFavourite3Button1)])</onclick>
			<icon>$INFO[system.addonicon(Skin.String(HomeFavourite3Button1))]</icon>
			<thumb>-</thumb>
			<visible>!IsEmpty(Skin.String(HomeFavourite3Button1))</visible>
		</item>
		<item>
			<label>$INFO[system.addontitle(Skin.String(HomeFavourite3Button2))]</label>
			<onclick>RunAddon($INFO[Skin.String(HomeFavourite3Button2)])</onclick>
			<icon>$INFO[system.addonicon(Skin.String(HomeFavourite3Button2))]</icon>
			<thumb>-</thumb>
			<visible>!IsEmpty(Skin.String(HomeFavourite3Button2))</visible>
		</item>
		<item>
			<label>$INFO[system.addontitle(Skin.String(HomeFavourite3Button3))]</label>
			<onclick>RunAddon($INFO[Skin.String(HomeFavourite3Button3)])</onclick>
			<icon>$INFO[system.addonicon(Skin.String(HomeFavourite3Button3))]</icon>
			<thumb>-</thumb>
			<visible>!IsEmpty(Skin.String(HomeFavourite3Button3))</visible>
		</item>
		<item>
			<label>$INFO[system.addontitle(Skin.String(HomeFavourite3Button4))]</label>
			<onclick>RunAddon($INFO[Skin.String(HomeFavourite3Button4)])</onclick>
			<icon>$INFO[system.addonicon(Skin.String(HomeFavourite3Button4))]</icon>
			<thumb>-</thumb>
			<visible>!IsEmpty(Skin.String(HomeFavourite3Button4))</visible>
		</item>
		<item>
			<label>$INFO[system.addontitle(Skin.String(HomeFavourite3Button5))]</label>
			<onclick>RunAddon($INFO[Skin.String(HomeFavourite3Button5)])</onclick>
			<icon>$INFO[system.addonicon(Skin.String(HomeFavourite3Button5))]</icon>
			<thumb>-</thumb>
			<visible>!IsEmpty(Skin.String(HomeFavourite3Button5))</visible>
		</item>
	</include>
	<include name="HomeAddonItemsFavourite4">
		<item>
			<label>$INFO[system.addontitle(Skin.String(HomeFavourite4Button1))]</label>
			<onclick>RunAddon($INFO[Skin.String(HomeFavourite4Button1)])</onclick>
			<icon>$INFO[system.addonicon(Skin.String(HomeFavourite4Button1))]</icon>
			<thumb>-</thumb>
			<visible>!IsEmpty(Skin.String(HomeFavourite4Button1))</visible>
		</item>
		<item>
			<label>$INFO[system.addontitle(Skin.String(HomeFavourite4Button2))]</label>
			<onclick>RunAddon($INFO[Skin.String(HomeFavourite4Button2)])</onclick>
			<icon>$INFO[system.addonicon(Skin.String(HomeFavourite4Button2))]</icon>
			<thumb>-</thumb>
			<visible>!IsEmpty(Skin.String(HomeFavourite4Button2))</visible>
		</item>
		<item>
			<label>$INFO[system.addontitle(Skin.String(HomeFavourite4Button3))]</label>
			<onclick>RunAddon($INFO[Skin.String(HomeFavourite4Button3)])</onclick>
			<icon>$INFO[system.addonicon(Skin.String(HomeFavourite4Button3))]</icon>
			<thumb>-</thumb>
			<visible>!IsEmpty(Skin.String(HomeFavourite4Button3))</visible>
		</item>
		<item>
			<label>$INFO[system.addontitle(Skin.String(HomeFavourite4Button4))]</label>
			<onclick>RunAddon($INFO[Skin.String(HomeFavourite4Button4)])</onclick>
			<icon>$INFO[system.addonicon(Skin.String(HomeFavourite4Button4))]</icon>
			<thumb>-</thumb>
			<visible>!IsEmpty(Skin.String(HomeFavourite4Button4))</visible>
		</item>
		<item>
			<label>$INFO[system.addontitle(Skin.String(HomeFavourite4Button5))]</label>
			<onclick>RunAddon($INFO[Skin.String(HomeFavourite4Button5)])</onclick>
			<icon>$INFO[system.addonicon(Skin.String(HomeFavourite4Button5))]</icon>
			<thumb>-</thumb>
			<visible>!IsEmpty(Skin.String(HomeFavourite4Button5))</visible>
		</item>
	</include>
	<include name="HomeAddonItemsFavourite5">
		<item>
			<label>$INFO[system.addontitle(Skin.String(HomeFavourite5Button1))]</label>
			<onclick>RunAddon($INFO[Skin.String(HomeFavourite5Button1)])</onclick>
			<icon>$INFO[system.addonicon(Skin.String(HomeFavourite5Button1))]</icon>
			<thumb>-</thumb>
			<visible>!IsEmpty(Skin.String(HomeFavourite5Button1))</visible>
		</item>
		<item>
			<label>$INFO[system.addontitle(Skin.String(HomeFavourite5Button2))]</label>
			<onclick>RunAddon($INFO[Skin.String(HomeFavourite5Button2)])</onclick>
			<icon>$INFO[system.addonicon(Skin.String(HomeFavourite5Button2))]</icon>
			<thumb>-</thumb>
			<visible>!IsEmpty(Skin.String(HomeFavourite5Button2))</visible>
		</item>
		<item>
			<label>$INFO[system.addontitle(Skin.String(HomeFavourite5Button3))]</label>
			<onclick>RunAddon($INFO[Skin.String(HomeFavourite5Button3)])</onclick>
			<icon>$INFO[system.addonicon(Skin.String(HomeFavourite5Button3))]</icon>
			<thumb>-</thumb>
			<visible>!IsEmpty(Skin.String(HomeFavourite5Button3))</visible>
		</item>
		<item>
			<label>$INFO[system.addontitle(Skin.String(HomeFavourite5Button4))]</label>
			<onclick>RunAddon($INFO[Skin.String(HomeFavourite5Button4)])</onclick>
			<icon>$INFO[system.addonicon(Skin.String(HomeFavourite5Button4))]</icon>
			<thumb>-</thumb>
			<visible>!IsEmpty(Skin.String(HomeFavourite5Button4))</visible>
		</item>
		<item>
			<label>$INFO[system.addontitle(Skin.String(HomeFavourite5Button5))]</label>
			<onclick>RunAddon($INFO[Skin.String(HomeFavourite5Button5)])</onclick>
			<icon>$INFO[system.addonicon(Skin.String(HomeFavourite5Button5))]</icon>
			<thumb>-</thumb>
			<visible>!IsEmpty(Skin.String(HomeFavourite5Button5))</visible>
		</item>
	</include>
	<include name="HomeAddonItemsFavourite6">
		<item>
			<label>$INFO[system.addontitle(Skin.String(HomeFavourite6Button1))]</label>
			<onclick>RunAddon($INFO[Skin.String(HomeFavourite6Button1)])</onclick>
			<icon>$INFO[system.addonicon(Skin.String(HomeFavourite6Button1))]</icon>
			<thumb>-</thumb>
			<visible>!IsEmpty(Skin.String(HomeFavourite6Button1))</visible>
		</item>
		<item>
			<label>$INFO[system.addontitle(Skin.String(HomeFavourite6Button2))]</label>
			<onclick>RunAddon($INFO[Skin.String(HomeFavourite6Button2)])</onclick>
			<icon>$INFO[system.addonicon(Skin.String(HomeFavourite6Button2))]</icon>
			<thumb>-</thumb>
			<visible>!IsEmpty(Skin.String(HomeFavourite6Button2))</visible>
		</item>
		<item>
			<label>$INFO[system.addontitle(Skin.String(HomeFavourite6Button3))]</label>
			<onclick>RunAddon($INFO[Skin.String(HomeFavourite6Button3)])</onclick>
			<icon>$INFO[system.addonicon(Skin.String(HomeFavourite6Button3))]</icon>
			<thumb>-</thumb>
			<visible>!IsEmpty(Skin.String(HomeFavourite6Button3))</visible>
		</item>
		<item>
			<label>$INFO[system.addontitle(Skin.String(HomeFavourite6Button4))]</label>
			<onclick>RunAddon($INFO[Skin.String(HomeFavourite6Button4)])</onclick>
			<icon>$INFO[system.addonicon(Skin.String(HomeFavourite6Button4))]</icon>
			<thumb>-</thumb>
			<visible>!IsEmpty(Skin.String(HomeFavourite6Button4))</visible>
		</item>
		<item>
			<label>$INFO[system.addontitle(Skin.String(HomeFavourite6Button5))]</label>
			<onclick>RunAddon($INFO[Skin.String(HomeFavourite6Button5)])</onclick>
			<icon>$INFO[system.addonicon(Skin.String(HomeFavourite6Button5))]</icon>
			<thumb>-</thumb>
			<visible>!IsEmpty(Skin.String(HomeFavourite6Button5))</visible>
		</item>
	</include>
	<include name="HomeAddonItemsFavourite7">
		<item>
			<label>$INFO[system.addontitle(Skin.String(HomeFavourite7Button1))]</label>
			<onclick>RunAddon($INFO[Skin.String(HomeFavourite7Button1)])</onclick>
			<icon>$INFO[system.addonicon(Skin.String(HomeFavourite7Button1))]</icon>
			<thumb>-</thumb>
			<visible>!IsEmpty(Skin.String(HomeFavourite7Button1))</visible>
		</item>
		<item>
			<label>$INFO[system.addontitle(Skin.String(HomeFavourite7Button2))]</label>
			<onclick>RunAddon($INFO[Skin.String(HomeFavourite7Button2)])</onclick>
			<icon>$INFO[system.addonicon(Skin.String(HomeFavourite7Button2))]</icon>
			<thumb>-</thumb>
			<visible>!IsEmpty(Skin.String(HomeFavourite7Button2))</visible>
		</item>
		<item>
			<label>$INFO[system.addontitle(Skin.String(HomeFavourite7Button3))]</label>
			<onclick>RunAddon($INFO[Skin.String(HomeFavourite7Button3)])</onclick>
			<icon>$INFO[system.addonicon(Skin.String(HomeFavourite7Button3))]</icon>
			<thumb>-</thumb>
			<visible>!IsEmpty(Skin.String(HomeFavourite7Button3))</visible>
		</item>
		<item>
			<label>$INFO[system.addontitle(Skin.String(HomeFavourite7Button4))]</label>
			<onclick>RunAddon($INFO[Skin.String(HomeFavourite7Button4)])</onclick>
			<icon>$INFO[system.addonicon(Skin.String(HomeFavourite7Button4))]</icon>
			<thumb>-</thumb>
			<visible>!IsEmpty(Skin.String(HomeFavourite7Button4))</visible>
		</item>
		<item>
			<label>$INFO[system.addontitle(Skin.String(HomeFavourite7Button5))]</label>
			<onclick>RunAddon($INFO[Skin.String(HomeFavourite7Button5)])</onclick>
			<icon>$INFO[system.addonicon(Skin.String(HomeFavourite7Button5))]</icon>
			<thumb>-</thumb>
			<visible>!IsEmpty(Skin.String(HomeFavourite7Button5))</visible>
		</item>
	</include>
	<include name="HomeAddonItemsFavourite8">
		<item>
			<label>$INFO[system.addontitle(Skin.String(HomeFavourite8Button1))]</label>
			<onclick>RunAddon($INFO[Skin.String(HomeFavourite8Button1)])</onclick>
			<icon>$INFO[system.addonicon(Skin.String(HomeFavourite8Button1))]</icon>
			<thumb>-</thumb>
			<visible>!IsEmpty(Skin.String(HomeFavourite8Button1))</visible>
		</item>
		<item>
			<label>$INFO[system.addontitle(Skin.String(HomeFavourite8Button2))]</label>
			<onclick>RunAddon($INFO[Skin.String(HomeFavourite8Button2)])</onclick>
			<icon>$INFO[system.addonicon(Skin.String(HomeFavourite8Button2))]</icon>
			<thumb>-</thumb>
			<visible>!IsEmpty(Skin.String(HomeFavourite8Button2))</visible>
		</item>
		<item>
			<label>$INFO[system.addontitle(Skin.String(HomeFavourite8Button3))]</label>
			<onclick>RunAddon($INFO[Skin.String(HomeFavourite8Button3)])</onclick>
			<icon>$INFO[system.addonicon(Skin.String(HomeFavourite8Button3))]</icon>
			<thumb>-</thumb>
			<visible>!IsEmpty(Skin.String(HomeFavourite8Button3))</visible>
		</item>
		<item>
			<label>$INFO[system.addontitle(Skin.String(HomeFavourite8Button4))]</label>
			<onclick>RunAddon($INFO[Skin.String(HomeFavourite8Button4)])</onclick>
			<icon>$INFO[system.addonicon(Skin.String(HomeFavourite8Button4))]</icon>
			<thumb>-</thumb>
			<visible>!IsEmpty(Skin.String(HomeFavourite8Button4))</visible>
		</item>
		<item>
			<label>$INFO[system.addontitle(Skin.String(HomeFavourite8Button5))]</label>
			<onclick>RunAddon($INFO[Skin.String(HomeFavourite8Button5)])</onclick>
			<icon>$INFO[system.addonicon(Skin.String(HomeFavourite8Button5))]</icon>
			<thumb>-</thumb>
			<visible>!IsEmpty(Skin.String(HomeFavourite8Button5))</visible>
		</item>
	</include>
	<include name="HomeAddonItemsFavourite9">
		<item>
			<label>$INFO[system.addontitle(Skin.String(HomeFavourite9Button1))]</label>
			<onclick>RunAddon($INFO[Skin.String(HomeFavourite9Button1)])</onclick>
			<icon>$INFO[system.addonicon(Skin.String(HomeFavourite9Button1))]</icon>
			<thumb>-</thumb>
			<visible>!IsEmpty(Skin.String(HomeFavourite9Button1))</visible>
		</item>
		<item>
			<label>$INFO[system.addontitle(Skin.String(HomeFavourite9Button2))]</label>
			<onclick>RunAddon($INFO[Skin.String(HomeFavourite9Button2)])</onclick>
			<icon>$INFO[system.addonicon(Skin.String(HomeFavourite9Button2))]</icon>
			<thumb>-</thumb>
			<visible>!IsEmpty(Skin.String(HomeFavourite9Button2))</visible>
		</item>
		<item>
			<label>$INFO[system.addontitle(Skin.String(HomeFavourite9Button3))]</label>
			<onclick>RunAddon($INFO[Skin.String(HomeFavourite9Button3)])</onclick>
			<icon>$INFO[system.addonicon(Skin.String(HomeFavourite9Button3))]</icon>
			<thumb>-</thumb>
			<visible>!IsEmpty(Skin.String(HomeFavourite9Button3))</visible>
		</item>
		<item>
			<label>$INFO[system.addontitle(Skin.String(HomeFavourite9Button4))]</label>
			<onclick>RunAddon($INFO[Skin.String(HomeFavourite9Button4)])</onclick>
			<icon>$INFO[system.addonicon(Skin.String(HomeFavourite9Button4))]</icon>
			<thumb>-</thumb>
			<visible>!IsEmpty(Skin.String(HomeFavourite9Button4))</visible>
		</item>
		<item>
			<label>$INFO[system.addontitle(Skin.String(HomeFavourite9Button5))]</label>
			<onclick>RunAddon($INFO[Skin.String(HomeFavourite9Button5)])</onclick>
			<icon>$INFO[system.addonicon(Skin.String(HomeFavourite9Button5))]</icon>
			<thumb>-</thumb>
			<visible>!IsEmpty(Skin.String(HomeFavourite9Button5))</visible>
		</item>
	</include>
	<include name="HomeAddonItemsFavourite10">
		<item>
			<label>$INFO[system.addontitle(Skin.String(HomeFavourite10Button1))]</label>
			<onclick>RunAddon($INFO[Skin.String(HomeFavourite10Button1)])</onclick>
			<icon>$INFO[system.addonicon(Skin.String(HomeFavourite10Button1))]</icon>
			<thumb>-</thumb>
			<visible>!IsEmpty(Skin.String(HomeFavourite10Button1))</visible>
		</item>
		<item>
			<label>$INFO[system.addontitle(Skin.String(HomeFavourite10Button2))]</label>
			<onclick>RunAddon($INFO[Skin.String(HomeFavourite10Button2)])</onclick>
			<icon>$INFO[system.addonicon(Skin.String(HomeFavourite10Button2))]</icon>
			<thumb>-</thumb>
			<visible>!IsEmpty(Skin.String(HomeFavourite10Button2))</visible>
		</item>
		<item>
			<label>$INFO[system.addontitle(Skin.String(HomeFavourite10Button3))]</label>
			<onclick>RunAddon($INFO[Skin.String(HomeFavourite10Button3)])</onclick>
			<icon>$INFO[system.addonicon(Skin.String(HomeFavourite10Button3))]</icon>
			<thumb>-</thumb>
			<visible>!IsEmpty(Skin.String(HomeFavourite10Button3))</visible>
		</item>
		<item>
			<label>$INFO[system.addontitle(Skin.String(HomeFavourite10Button4))]</label>
			<onclick>RunAddon($INFO[Skin.String(HomeFavourite10Button4)])</onclick>
			<icon>$INFO[system.addonicon(Skin.String(HomeFavourite10Button4))]</icon>
			<thumb>-</thumb>
			<visible>!IsEmpty(Skin.String(HomeFavourite10Button4))</visible>
		</item>
		<item>
			<label>$INFO[system.addontitle(Skin.String(HomeFavourite10Button5))]</label>
			<onclick>RunAddon($INFO[Skin.String(HomeFavourite10Button5)])</onclick>
			<icon>$INFO[system.addonicon(Skin.String(HomeFavourite10Button5))]</icon>
			<thumb>-</thumb>
			<visible>!IsEmpty(Skin.String(HomeFavourite10Button5))</visible>
		</item>
	</include>
</includes>
