﻿<?xml version="1.0" encoding="UTF-8" standalone="yes"?>
<addon id="plugin.video.twitch.tv" name="Twitch.tv" version="0.1.12" provider-name="NuisMons">
  <requires><import addon="xbmc.python" version="2.1.0"/></requires>
  <extension point="xbmc.python.pluginsource" provides="video" library="default.py"><provides>video</provides></extension>
  <extension point="xbmc.addon.metadata">
    <summary>TwitchTV - является крупнейшим в мире видео вещания игр сообществом.</summary>
    <description>TwitchTV показывает видео от главных играющих лиц, игроков, турниров, лиг и комментария, в дополнение к самым активным и интересным обсуждениям вокруг видеоигр.</description>
    <platform>all</platform>
  </extension>
</addon>
