<?xml version="1.0" encoding="UTF-8"?>
<window id="2210" type="dialog">
	<defaultcontrol always="true">10</defaultcontrol>
	<coordinates>
		<system>1</system>
		<left>435</left>
		<top>80</top>
	</coordinates>
	<include>dialogeffect</include>
	<controls>
		<control type="image">
			<left>0</left>
			<top>0</top>
			<width>500</width>
			<height>600</height>
			<texture border="40">DialogBack.png</texture>
		</control>
		<control type="image">
			<description>Dialog Header image</description>
			<left>20</left>
			<top>16</top>
			<width>470</width>
			<height>40</height>
			<texture>dialogheader.png</texture>
		</control>
		<control type="label" id="1">
			<description>header label</description>
			<left>10</left>
			<top>20</top>
			<width>470</width>
			<height>30</height>
			<font>font13_title</font>
			<label>$LOCALIZE[88117]</label>
			<align>center</align>
			<aligny>center</aligny>
			<textcolor>selected</textcolor>
			<shadowcolor>black</shadowcolor>
		</control>
		<control type="button">
			<description>Close Window button</description>
			<left>410</left>
			<top>15</top>
			<width>64</width>
			<height>32</height>
			<label>-</label>
			<font>-</font>
			<onclick>PreviousMenu</onclick>
			<texturefocus>DialogCloseButton-focus.png</texturefocus>
			<texturenofocus>DialogCloseButton.png</texturenofocus>
			<onleft>10</onleft>
			<onright>10</onright>
			<onup>10</onup>
			<ondown>10</ondown>
			<visible>system.getbool(input.enablemouse)</visible>
		</control>
		<control type="button" id="10">
			<description>MenuColor0</description>
			<left>15</left>
			<top>60</top>
			<width>470</width>
			<height>45</height>
			<font>font_MainMenu</font>
			<textcolor>grey3</textcolor>
			<focusedcolor>FF0084ff</focusedcolor>
			<label>$LOCALIZE[88107]</label>
			<onclick>Skin.SetString(MenuColor,FF0084ff,)</onclick>
			<onclick>Skin.SetString(MenuColorName,$LOCALIZE[88107],)</onclick>
			<onclick>PreviousMenu</onclick>
			<texturefocus>MenuItemFO.png</texturefocus>
			<texturenofocus>MenuItemNF.png</texturenofocus>
			<align>center</align>
			<onleft>10</onleft>
			<onright>10</onright>
			<onup>20</onup>
			<ondown>11</ondown>
		</control>
		<control type="button" id="11">
			<description>MenuColor1</description>
			<left>15</left>
			<top>107</top>
			<width>470</width>
			<height>45</height>
			<font>font_MainMenu</font>
			<textcolor>grey3</textcolor>
			<focusedcolor>FF03d6d9</focusedcolor>
			<label>$LOCALIZE[88108]</label>
			<onclick>Skin.SetString(MenuColor,FF03d6d9,)</onclick>
			<onclick>Skin.SetString(MenuColorName,$LOCALIZE[88108],)</onclick>
			<onclick>PreviousMenu</onclick>
			<texturefocus>MenuItemFO.png</texturefocus>
			<texturenofocus>MenuItemNF.png</texturenofocus>
			<align>center</align>
			<onleft>11</onleft>
			<onright>11</onright>
			<onup>10</onup>
			<ondown>12</ondown>
		</control>
		<control type="button" id="12">
			<description>MenuColor2</description>
			<left>15</left>
			<top>154</top>
			<width>470</width>
			<height>45</height>
			<font>font_MainMenu</font>
			<textcolor>grey3</textcolor>
			<focusedcolor>FFFFFFFF</focusedcolor>
			<label>$LOCALIZE[88109]</label>
			<onclick>Skin.SetString(MenuColor,FFFFFFFF,)</onclick>
			<onclick>Skin.SetString(MenuColorName,$LOCALIZE[88109],)</onclick>
			<onclick>PreviousMenu</onclick>
			<texturefocus>MenuItemFO.png</texturefocus>
			<texturenofocus>MenuItemNF.png</texturenofocus>
			<align>center</align>
			<onleft>12</onleft>
			<onright>12</onright>
			<onup>11</onup>
			<ondown>13</ondown>
		</control>
		<control type="button" id="13">
			<description>MenuColor3</description>
			<left>15</left>
			<top>201</top>
			<width>470</width>
			<height>45</height>
			<font>font_MainMenu</font>
			<textcolor>grey3</textcolor>
			<focusedcolor>FF999999</focusedcolor>
			<label>$LOCALIZE[88110]</label>
			<onclick>Skin.SetString(MenuColor,FF999999,)</onclick>
			<onclick>Skin.SetString(MenuColorName,$LOCALIZE[88110],)</onclick>
			<onclick>PreviousMenu</onclick>
			<texturefocus>MenuItemFO.png</texturefocus>
			<texturenofocus>MenuItemNF.png</texturenofocus>
			<align>center</align>
			<onleft>13</onleft>
			<onright>13</onright>
			<onup>12</onup>
			<ondown>14</ondown>
		</control>
		<control type="button" id="14">
			<description>MenuColor4</description>
			<left>15</left>
			<top>248</top>
			<width>470</width>
			<height>45</height>
			<font>font_MainMenu</font>
			<textcolor>grey3</textcolor>
			<focusedcolor>FFec0000</focusedcolor>
			<label>$LOCALIZE[88111]</label>
			<onclick>Skin.SetString(MenuColor,FFec0000,)</onclick>
			<onclick>Skin.SetString(MenuColorName,$LOCALIZE[88111],)</onclick>
			<onclick>PreviousMenu</onclick>
			<texturefocus>MenuItemFO.png</texturefocus>
			<texturenofocus>MenuItemNF.png</texturenofocus>
			<align>center</align>
			<onleft>14</onleft>
			<onright>14</onright>
			<onup>13</onup>
			<ondown>15</ondown>
		</control>
		<control type="button" id="15">
			<description>MenuColor5</description>
			<left>15</left>
			<top>295</top>
			<width>470</width>
			<height>45</height>
			<font>font_MainMenu</font>
			<textcolor>grey3</textcolor>
			<focusedcolor>84ff00ff</focusedcolor>
			<label>$LOCALIZE[88112]</label>
			<onclick>Skin.SetString(MenuColor,84ff00ff,)</onclick>
			<onclick>Skin.SetString(MenuColorName,$LOCALIZE[88112],)</onclick>
			<onclick>PreviousMenu</onclick>
			<texturefocus>MenuItemFO.png</texturefocus>
			<texturenofocus>MenuItemNF.png</texturenofocus>
			<align>center</align>
			<onleft>15</onleft>
			<onright>15</onright>
			<onup>14</onup>
			<ondown>16</ondown>
		</control>
		<control type="button" id="16">
			<description>MenuColor6</description>
			<left>15</left>
			<top>342</top>
			<width>470</width>
			<height>45</height>
			<font>font_MainMenu</font>
			<textcolor>grey3</textcolor>
			<focusedcolor>FF7f2baa</focusedcolor>
			<label>$LOCALIZE[88113]</label>
			<onclick>Skin.SetString(MenuColor,FF7f2baa,)</onclick>
			<onclick>Skin.SetString(MenuColorName,$LOCALIZE[88113],)</onclick>
			<onclick>PreviousMenu</onclick>
			<texturefocus>MenuItemFO.png</texturefocus>
			<texturenofocus>MenuItemNF.png</texturenofocus>
			<align>center</align>
			<onleft>16</onleft>
			<onright>16</onright>
			<onup>15</onup>
			<ondown>17</ondown>
		</control>
		<control type="button" id="17">
			<description>MenuColor7</description>
			<left>15</left>
			<top>389</top>
			<width>470</width>
			<height>45</height>
			<font>font_MainMenu</font>
			<textcolor>grey3</textcolor>
			<focusedcolor>FFff8c00</focusedcolor>
			<label>$LOCALIZE[88114]</label>
			<onclick>Skin.SetString(MenuColor,FFff8c00,)</onclick>
			<onclick>Skin.SetString(MenuColorName,$LOCALIZE[88114],)</onclick>
			<onclick>PreviousMenu</onclick>
			<texturefocus>MenuItemFO.png</texturefocus>
			<texturenofocus>MenuItemNF.png</texturenofocus>
			<align>center</align>
			<onleft>17</onleft>
			<onright>17</onright>
			<onup>16</onup>
			<ondown>18</ondown>
		</control>
		<control type="button" id="18">
			<description>MenuColor8</description>
			<left>15</left>
			<top>436</top>
			<width>470</width>
			<height>45</height>
			<font>font_MainMenu</font>
			<textcolor>grey3</textcolor>
			<focusedcolor>FFffff00</focusedcolor>
			<label>$LOCALIZE[88115]</label>
			<onclick>Skin.SetString(MenuColor,FFffff00,)</onclick>
			<onclick>Skin.SetString(MenuColorName,$LOCALIZE[88115],)</onclick>
			<onclick>PreviousMenu</onclick>
			<texturefocus>MenuItemFO.png</texturefocus>
			<texturenofocus>MenuItemNF.png</texturenofocus>
			<align>center</align>
			<onleft>18</onleft>
			<onright>18</onright>
			<onup>17</onup>
			<ondown>19</ondown>
		</control>
		<control type="button" id="19">
			<description>MenuColor9</description>
			<left>15</left>
			<top>483</top>
			<width>470</width>
			<height>45</height>
			<font>font_MainMenu</font>
			<textcolor>grey3</textcolor>
			<focusedcolor>FF6DF300</focusedcolor>
			<label>$LOCALIZE[88116]</label>
			<onclick>Skin.SetString(MenuColor,FF6DF300,)</onclick>
			<onclick>Skin.SetString(MenuColorName,$LOCALIZE[88116],)</onclick>
			<onclick>PreviousMenu</onclick>
			<texturefocus>MenuItemFO.png</texturefocus>
			<texturenofocus>MenuItemNF.png</texturenofocus>
			<align>center</align>
			<onleft>19</onleft>
			<onright>19</onright>
			<onup>18</onup>
			<ondown>20</ondown>
		</control>
		<control type="button" id="20">
			<description>MenuColor Default</description>
			<left>15</left>
			<top>530</top>
			<width>470</width>
			<height>45</height>
			<font>font_MainMenu</font>
			<textcolor>grey3</textcolor>
			<focusedcolor>blue</focusedcolor>
			<label>571</label>
			<onclick>Skin.SetString(MenuColor,blue,)</onclick>
			<onclick>Skin.Reset(MenuColorName)</onclick>
			<onclick>PreviousMenu</onclick>
			<texturefocus>MenuItemFO.png</texturefocus>
			<texturenofocus>MenuItemNF.png</texturenofocus>
			<align>center</align>
			<onleft>20</onleft>
			<onright>20</onright>
			<onup>19</onup>
			<ondown>10</ondown>
		</control>
	</controls>
</window>