<?xml version="1.0" encoding="UTF-8" standalone="yes"?>
<addon id="script.service.rodina.tv"
       name="RodinaTV Service Script"
       version="1.2.3"
       provider-name="Rodina TV">
  <requires>
    <import addon="xbmc.python" version="2.1.0"/>
  </requires>
  <extension point="xbmc.addon.metadata">
    <summary>RodinaTV Service Script</summary>
    <description>RodinaTV Service Script</description>
    <platform>all</platform>
  </extension>
  <extension point='xbmc.service' library='rodina.py'>
  </extension>
</addon>
