<?xml version="1.0" encoding="UTF-8" standalone="yes"?>
<addon id="plugin.video.serialu2.net" name=".Serialu.net" version="0.0.3" provider-name="Tolin">
  <requires>
    <import addon="xbmc.addon" version="12.0.0"/>
  </requires>
  <extension point="xbmc.python.pluginsource"
             provides="video"
             library="default.py">
    <provides>video</provides>
  </extension>
  <extension point="xbmc.addon.metadata">
    <summary lang="en">Fiml's from Serialu.net</summary>
    <summary lang="ru">Фильмы с сайта Serialu.net</summary>
    <description lang="en">Film's</description>
    <description lang="ru">Сериалы</description>
    <disclaimer lang="en"></disclaimer>
    <language></language>
    <platform>all</platform>
    <license></license>
    <forum></forum>
    <website></website>
    <email></email>
    <source></source>
  </extension>
</addon>