<?xml version="1.0" encoding="UTF-8" standalone="yes"?>
<addon id="plugin.video.baskino.com" name="Baskino.com" version="1.1.12" provider-name="Wispik and gerikss, uaBArt">
  <requires>
    <import addon="xbmc.python" version="2.1.0" />
    <import addon="script.module.beautifulsoup4" version="4.3.2"/>
    <import addon="script.module.html5lib" version="0.999.0"/>
    <import addon="script.module.six" version="1.5.2"/>
  </requires>
  <extension point="xbmc.python.pluginsource" provides="video" library="default.py">
    <provides>video</provides>
  </extension>
  <extension point="xbmc.addon.metadata">
    <summary>Онлайн фильмы в хорошем HD качестве бесплатно и без регистрации</summary>
    <description>Большущая коллекция фильмов в хорошем HD качестве, которые можно смотреть онлайн бесплатно. В настройках плагина заполните регистрационную форму для полноценного пользования</description>
    <platform>all</platform>
    <language>ru</language>
  </extension>
</addon>
