﻿<?xml version="1.0" encoding="UTF-8" standalone="yes"?>
<addon id="service.start.epg" name="Автостарт script.epg.iptv" version="1.0.2" provider-name="Alex S.Galickij">
  <requires>
    <import addon="xbmc.python" version="2.1.0"/>
  </requires>
  <extension point="xbmc.service" library="addon.py"/>
  <extension point="xbmc.addon.metadata">
    <summary lang="ru">Служба автозапуска script.epg.iptv</summary>
    <description lang="ru">Служба предназначена для автоматизации script.epg.iptv</description>
	<disclaimer lang="ru">Это тестовая, бесплатная версия! Возможны незначительные ошибки, которые могут быть устранены с Вашей помощью. Техподдержка: support@tvbox.link</disclaimer>
	<platform>all</platform>
  </extension>
</addon>
