﻿<?xml version="1.0" encoding="UTF-8" standalone="yes"?>
<addon id="plugin.audio.asbook.ru"
       name="[COLOR FF00FF00]Аудиокниги ([/COLOR][COLOR FFFFF000]asbook.ru[/COLOR][COLOR FF00FF00])[/COLOR]"
       version="1.0.10"
       provider-name="Silen">
  <requires>
    <import addon="xbmc.python" version="2.1.0"/>
  </requires>
  <extension point="xbmc.python.pluginsource"
             provides="audio"
             library="default.py">
    <provides>audio</provides>
  </extension>
  <extension point="xbmc.addon.metadata">
    <summary>my-hit.ru</summary>
    <description>[COLOR FFFFF000]ASBOOK.RU[/COLOR] - слушайте аудиокниги онлайн совершенно бесплатно.
</description>
    <platform>all</platform>
  </extension>
</addon>

