<?xml version="1.0" encoding="utf-8" standalone="yes"?>
<addon id="plugin.video.linecinema"
       name="LineCinema"
       version="0.0.2"
       provider-name="Nesterov Alexandr">
  <requires>
    <import addon="xbmc.python" version="2.1.0"/>
  </requires>
  <extension point="xbmc.python.pluginsource" provides="video" library="addon.py">
    <provides>video</provides>
  </extension>
  <extension point="xbmc.addon.metadata">
    <summary>LineCinema.org</summary>
    <description>
        Плагин для просмотра фильмов с сайта LineCinema.org
    </description>
    <source>https://github.com/alex19pov31/plugin.video.linecinema.git</source>
    <email>alex19pov31@gmail.com</email>
    <platform>all</platform>
  </extension>
</addon>