﻿<?xml version="1.0" encoding="UTF-8" standalone="yes"?>
<addon id="plugin.video.megogo.net" name="MEGOGO.NET" version="1.0.11" provider-name="nuismons">
  <requires>
    <import addon="xbmc.python" version="2.1.0"/>
    <import addon="script.module.requests" version="1.1.0"/>
  </requires>
  <extension point="xbmc.python.pluginsource" provides="video" library="default.py"><provides>video</provides></extension>
  <extension point="xbmc.addon.metadata">
    <summary>MEGOGO.NET - онлайн-кинотеатр с легальным контентом.</summary>
    <description>MEGOGO.NET - это 20 тысяч часов легального видео-контента. Это более 3 500 полнометражных фильмов, 800 мультфильмов, 700 сериалов, 200 телевизионных шоу и концертов. Ежедневно библиотека онлайн-кинотеатра пополняется десятками часов качественного видео-контента.
У нас много эксклюзивного материала - более 120 новинок кино и более двух десятков прямых эксклюзивных договоров со студиями и крупными правообладателями. Мы работаем над тем, чтобы наши зрители всегда имели доступ к самым лучшим и свежим фильмам.</description>
    <platform>all</platform>
  </extension>
</addon>
