﻿<?xml version="1.0" encoding="UTF-8" standalone="yes"?>
<addon id="plugin.video.online.anidub.com"
       name="[COLOR=FFFF0000]Ani[/COLOR][COLOR=FF00FF00]DUB[/COLOR]"
       version="0.3.1"
       provider-name="NuisMons">
  <requires>
    <import addon="xbmc.python" version="2.1.0"/>
	<import addon="script.module.beautifulsoup"/>
  </requires>
  <extension point="xbmc.python.pluginsource"
             provides="video"
             library="default.py">
    <provides>video</provides>
  </extension>
  <extension point="xbmc.addon.metadata">
    <summary>Просмотр аниме онлайн online.anidub.com</summary>
    <description>Просмотр аниме онлайн online.anidub.com</description>
    <platform>all</platform>
  </extension>
</addon>

