﻿<?xml version="1.0" encoding="UTF-8" standalone="yes"?>
<addon id="plugin.video.my-hit.ru"
       name="Кино портал my-hit.org"
       version="1.2.7"
       provider-name="Silen">
  <requires>
    <import addon="xbmc.python" version="2.1.0"/>
    <import addon="script.video.F4mProxy" version="2.8.6"/>
  </requires>
  <extension point="xbmc.python.pluginsource"
             provides="video"
             library="default.py">
    <provides>video</provides>
  </extension>
  <extension point="xbmc.addon.metadata">
    <summary>my-hit.ru</summary>
    <description>Фильмы онлайн, наш кино портал.</description>
    <platform>all</platform>
    <website>http://xbmc.ru/forum/showthread.php?t=1415</website>
  </extension>
</addon>

