<?xml version="1.0" encoding="UTF-8" standalone="yes"?>
<addon id="plugin.video.175h.net"
       name="175h.net"
       version="0.4"
       provider-name="x86demon">
    <broken>deprecated</broken>
    <requires>
        <import addon="xbmc.python" version="2.1.0"/>
        <import addon="script.module.beautifulsoup"/>
        <import addon="script.module.simplejson"/>
        <import addon="script.module.simple.downloader"/>
    </requires>
    <extension point="xbmc.python.pluginsource"
               provides="video"
               library="default.py">
        <provides>video</provides>
    </extension>
    <extension point="xbmc.addon.metadata">
        <summary>Просмотр контента с 175h.net</summary>
        <platform>all</platform>
    </extension>
</addon>
