<?xml version="1.0" encoding="UTF-8" standalone="yes"?>
<addon id="plugin.video.tvrain.ru" name="Телеканал ДОЖДЬ" version="1.0.2" provider-name="HD-Lab Team">
  <requires><import addon="xbmc.python" version="2.1.0"/></requires>
  <extension point="xbmc.python.pluginsource" provides="video" library="default.py"><provides>video</provides></extension>
  <extension point="xbmc.addon.metadata">
    <summary>ДОЖДЬ — настоящий живой телеканал</summary>
    <description>Наш девиз «Дайте телевидению еще один шанс!».
Мы — телеканал для неравнодушных людей с активной гражданской позицией и острым чувством сопричастности, не утративших вкус к жизни, успешных, добившихся многого и не очерствевших. Мы для профессионалов в разных областях.
Вещание 24 часа в сутки, более 50% времени — прямой эфир.
ДОЖДЬ это
новости о том, что происходит на самом деле;
аналитика живым человеческим языком;
дискуссии и круглые столы с теми, кто нам интересен, о том, что нам важно;
авторские программы, концерты, художественные чтения и эксперименты;
документальные фильмы на остросоциальные темы;
видео-арт;
социальные проекты;
истории о людях и событиях, изменивших мир и повлиявших на нас.</description>
    <platform>all</platform>
  </extension>
</addon>
