<?xml version="1.0" encoding="utf-8" standalone="yes"?>
<addon id="plugin.video.dream-film"
       name="[COLOR FF00FF00]Dream[/COLOR][COLOR FFFFF000]-film[/COLOR][COLOR FF00FF00][/COLOR]"
       version="0.0.2"
       provider-name="Denis Fomin">
  <requires>
    <import addon="xbmc.python" version="2.1.0"/>
  </requires>
  <extension point="xbmc.python.pluginsource" provides="video" library="addon.py">
    <provides>video</provides>
  </extension>
  <extension point="xbmc.addon.metadata">
    <summary>Dream-film.net</summary>
    <description>Смотреть фильмы онлайн бесплатно

    </description>
    <platform>all</platform>
  </extension>
</addon>