<?xml version="1.0" encoding="utf-8" standalone="yes"?>
<addon id="plugin.video.dream-film"
       name="[COLOR FFFFF000]Dream[/COLOR][COLOR FF00FF00]-film[/COLOR]"
       version="0.0.5"
       provider-name="[COLOR FFFFF000]Denis [/COLOR][COLOR FF00FF00]Fomin[/COLOR]">
  <requires>
    <import addon="xbmc.python" version="2.1.0"/>
  </requires>
  <extension point="xbmc.python.pluginsource" provides="video" library="addon.py">
    <provides>video</provides>
  </extension>
  <extension point="xbmc.addon.metadata">
    <summary>Dream-film.net</summary>
    <description>Cмотреть фильмы, сериалы онлайн, в онлайн кинотеатре Dream-film.net</description>
    <platform>all</platform>
  </extension>
</addon>