<?xml version="1.0" encoding="UTF-8" standalone="yes"?>
<addon id="repository.magnetic.mirror" name="[COLOR FFFFD800]Magnetic[/COLOR] Mirror Repository" version="0.1.2" provider-name="mancuniancol">
	<extension point="xbmc.addon.repository" name="Magnetic Repository">
       <info>https://svn.riouxsvn.com/magnetic/addons.xml</info>
       <checksum>https://svn.riouxsvn.com/magnetic//addons.xml.md5</checksum>
       <datadir zip="true">https://svn.riouxsvn.com/magnetic/</datadir>
	</extension>		
	<extension point="xbmc.addon.metadata">
		<summary>Magnetic Module and Parsers</summary>
		<description>Download and install Magnetic and its Parsers</description>
		<disclaimer>The owners and submitters to this repository do not host or distribute any of the content displayed by these addons nor do they have any affiliation with the content providers.</disclaimer>
		<website></website>
		<forum></forum>
		<platform>all</platform>
		<license>GNU GENERAL PUBLIC LICENSE. Version 3, June 2007</license>
	</extension>
</addon>
