﻿<?xml version="1.0" encoding="UTF-8" standalone="yes"?>
<addon id="repository.vlmaksime" name="vl.maksime Repository" version="1.0.0" provider-name="vl.maksime">
	<extension point="xbmc.addon.repository" name="vl.maksime Repository">
		<info>https://raw.githubusercontent.com/vlmaksime/repository.vlmaksime/master/addons.xml</info>
		<checksum>https://raw.githubusercontent.com/vlmaksime/repository.vlmaksime/master/addons.xml.md5</checksum>
		<datadir zip="true">https://raw.githubusercontent.com/vlmaksime/repository.vlmaksime/master/releases/</datadir>
	</extension>
	<extension point="xbmc.addon.metadata">
		<summary lang="en">Repository for vl.maksime Kodi add-ons.</summary>
		<description lang="en">Repository for vl.maksime Kodi add-ons. Add-ons: TVzavr.ru.</description>
		<disclaimer lang="en"></disclaimer>
		<summary lang="ru">Репозитарий Kodi для дополнений от vl.maksime.</summary>
		<description lang="ru">Репозитарий Kodi для дополнений от vl.maksime. Дополнения: TVzavr.ru.</description>
		<disclaimer lang="ru"></disclaimer>
		<platform>all</platform>
	</extension>
</addon>