﻿<?xml version="1.0" encoding="UTF-8" standalone="yes"?>
<addon id="plugin.video.5-tv.ru"
       name="[COLOR FF00FF00]Пятый[/COLOR] [COLOR FFFFF000]канал[/COLOR]"
       version="1.0.3"
       provider-name="Silen">
  <requires>
    <import addon="xbmc.python" version="2.1.0"/>
  </requires>
  <extension point="xbmc.python.pluginsource"
             provides="video"
             library="default.py">
    <provides>video</provides>
  </extension>
  <extension point="xbmc.addon.metadata">
    <summary>Сериалы (serialu.net)</summary>
    <description>Пятый канал, Видеоархив программ (5-tv.ru).</description>
    <platform>all</platform>
  </extension>
</addon>

