<?xml version="1.0" encoding="utf-8" standalone="yes"?>
<addon id="plugin.video.cScVOD"
       name="[COLOR FF00FF00]cScVOD[/COLOR]"
       version="1.5.5"
       provider-name="CSC">
  <requires>
    <import addon="xbmc.python" version="2.1.0"/>
  </requires>
  <extension point="xbmc.python.pluginsource" provides="video" library="addon.py">
    <provides>video</provides>
  </extension>
  <extension point="xbmc.addon.metadata">
    <summary>cScVOD</summary>
    <description>
БОЛЕЕ 70 САЙТОВ В ОДНОМ ПЛАГИНЕ!Все стоящие русскоязычные сайты с фильмами/мультиками/сериалами и т.д. В ОДНОМ АДДОНЕ. ОФициальный форум - cscvod.ru
    </description>
    <platform>all</platform>
  </extension>
</addon>