<?xml version="1.0" encoding="UTF-8" standalone="yes"?>
<addon id="plugin.video.myvi.ru" name="МУВИ" version="1.0.2" provider-name="Myvi">
  <requires><import addon="xbmc.python" version="2.1.0"/></requires>
  <extension point="xbmc.python.pluginsource" provides="video" library="default.py"><provides>video</provides></extension>
  <extension point="xbmc.addon.metadata">
    <summary>Муви.ру - Только лучшие ролики сети!</summary>
    <description>Это бесплатный сервис для размещения, хранения и просмотра видеофайлов.
Активное пользовательское сообщество поддерживается социальной сетью сайта с такими функциями, как оценка видео других авторов, участие в обсуждениях, объединение в сообщества по интересам.
Автоматическая система учета пользовательских интересов (мы называем ее ласково «Моя прелесть») учитывает интересы посетителей, позволяя таргетировать контент под каждого пользователя. Фильтрация контента «Муви» осуществляется самими пользователями, что позволяет в автоматическом режиме отображать на сайте только самые интересные для аудитории ролики.</description>
    <platform>all</platform>
  </extension>
</addon>
