<?xml version="1.0" encoding="UTF-8" standalone="yes"?>
<addon id="plugin.video.playlistLoader.a" name="Playlist Loader.a" version="1.1.4" provider-name="Avigdor">
  <requires>
    <import addon="xbmc.python" version="2.1.0"/>
    <import addon="repository.xbmc-israel" />
  </requires>
  <extension point="xbmc.python.pluginsource" library="default.py">
        <provides>video</provides>
  </extension>
  <extension point="xbmc.addon.metadata">
    <summary lang="en">Playlist Loader.a</summary>
    <description lang="en">Playlist Loader.a</description>
    <description lang="ru">Playlist Loader.altenative - с поддержкой кириллицы в заголовках, в URL плейлистов</description>
    <platform>all</platform>
  </extension>
</addon>
