<?xml version="1.0" encoding="UTF-8" standalone="yes"?>
<addon id="plugin.video.baskino.com" name="Baskino.com" version="1.1.25" provider-name="uaBArt, Wispik and gerikss">
  <requires>
    <import addon="xbmc.python" version="2.1.0" />
    <import addon="script.module.beautifulsoup4" version="4.3.2"/>
    <import addon="script.module.html5lib" version="0.999.0"/>
    <import addon="script.module.future" version="0.16.0.4"/>
    <import addon="script.module.antizapret" version="0.0.6" optional="true"/>
    <import addon="plugin.video.youtube" version="3.0.0" optional="true"/>
  </requires>
  <extension point="xbmc.python.pluginsource" provides="video" library="default.py">
    <provides>video</provides>
  </extension>
  <extension point="xbmc.addon.metadata">
    <summary>Онлайн фильмы в хорошем HD качестве бесплатно и без регистрации</summary>
    <description>Большущая коллекция фильмов в хорошем HD качестве, которые можно смотреть онлайн бесплатно. В настройках плагина заполните регистрационную форму для полноценного пользования</description>
    <platform>all</platform>
    <language>ru</language>
    <news>
07.05.2018 - 1.1.25
 - Добавлена поддержка AntiZapret
06.05.2018 - 1.1.24
 - Исправлена работа анонсов с YouTube
 - Код переписан для будущей поддержки Python 3
30.04.2018 - 1.1.23
 - Добавлена поддержка старых серверов previewer.cc
    </news>
  </extension>
</addon>
