<?xml version="1.0" encoding="UTF-8"?>
<addon
  id="skin.confluence-plood-kodi"
  version="2.5.92"
  name="Confluence-plood-kodi"
  provider-name="Jezz_X, Team XBMC, YLLOW_DRAGON, plood">
  <requires>
    <import addon="xbmc.gui" version="5.3.0"/>
	<import addon="script.favourites" version="8.0.8"/>
  </requires>
  <extension
    point="xbmc.gui.skin"
    defaultthemename="textures.xbt"
    debugging="false"
    effectslowdown="0.75">
    <res width="1280" height="720" aspect="16:9" default="true" folder="720p" />
  </extension>
  <extension point="xbmc.addon.metadata">
    <summary lang="en">Confluence plood skin by Jezz_X, plood. (XBMC's default skin)</summary>
    <summary lang="ru">Обложка Confluence plood. Автор: Jezz_X, plood.</summary>
    <description lang="en">Confluence is the default skin for XBMC 9.11 and above. It is a combination of concepts from many popular skins, and attempts to embrace and integrate their good ideas into a skin that should be easy for first time XBMC users to understand and use.</description>
    <description lang="ru">Confluence — это стандартная обложка XBMC, начиная с версии 9.11. Она представляет собой сочетание концепций, взятых из многих популярных обложек, в попытке интегрировать их удачные идеи в обложке, которая была простой для использования и понимания новыми пользователями XBMC.</description>
    <platform>all</platform>
  </extension>
</addon>
