﻿<?xml version="1.0" encoding="UTF-8" standalone="yes"?>
<addon id="plugin.video.hdkinoklub.ru"
       name="[COLOR FF00FF00]Кино портал HD ([/COLOR][COLOR FFFFF000]hdkinoklub.ru[/COLOR][COLOR FF00FF00])[/COLOR]"
       version="1.0.7"
       provider-name="Silen">
  <requires>
    <import addon="xbmc.python" version="2.1.0"/>
  </requires>
  <extension point="xbmc.python.pluginsource"
             provides="video"
             library="default.py">
    <provides>video</provides>
  </extension>
  <extension point="xbmc.addon.metadata">
    <summary>my-hit.ru</summary>
    <description>Приветствуем Вас на сайте HDkinoKlub.ru - здесь можно совершенно бесплатно и без регистрации смотреть фильмы, сериалы и мультфильмы онлайн в HD качестве..</description>
    <platform>all</platform>
  </extension>
</addon>

