<?xml version="1.0" encoding="UTF-8" standalone="yes"?>
<addon id="plugin.video.russia.tv" name="Russia.tv" version="0.3.0" provider-name="achasik">
  <requires><import addon="xbmc.python" version="2.1.0"/></requires>
  <extension point="xbmc.python.pluginsource" provides="video" library="default.py"><provides>video</provides></extension>
  <extension point="xbmc.addon.metadata">
    <summary>Фильмы и передачи телеканалов Россия-1, Россия-2,ТВ Культура</summary>
    <description>Фильмы и передачи телеканалов Россия-1, Россия-2,ТВ Культура</description>
    <platform>all</platform>
  </extension>
</addon>
