<includes>
    <include name="Weather10DayForcast">
	<control type="group">
	    <visible>IsEmpty(Window.Property(Weather.CurrentView))</visible>
	    <include>VisibleFadeEffect</include>
	    <control type="label">
		<description>header label</description>
		<posx>20</posx>
		<posy>13</posy>
		<width>610</width>
		<height>30</height>
		<font>font13_title</font>
		<label>31904</label>
		<align>center</align>
		<aligny>center</aligny>
		<textcolor>white</textcolor>
		<shadowcolor>black</shadowcolor>
	    </control>
	    <control type="list" id="51">
		<posx>15</posx>
		<posy>60</posy>
		<width>600</width>
		<height>541</height>
		<onleft>9000</onleft>
		<onright>61</onright>
		<onup>51</onup>
		<ondown>51</ondown>
		<viewtype label="535">list</viewtype>
		<pagecontrol>61</pagecontrol>
		<scrolltime>200</scrolltime>
		<itemlayout height="135" width="600">
		    <control type="image">
			<posx>0</posx>
			<posy>0</posy>
			<width>600</width>
			<height>136</height>
			<texture border="0,5,0,5">MenuItemNF.png</texture>
		    </control>
		    <control type="label">
			<posx>50</posx>
			<posy>0</posy>
			<width>100</width>
			<height>120</height>
			<font>font12</font>
			<textcolor>white</textcolor>
			<selectedcolor>selected</selectedcolor>
			<align>center</align>
			<aligny>center</aligny>
			<label>$INFO[ListItem.Label]</label>
		    </control>
		    <control type="image">
			<posx>110</posx>
			<posy>5</posy>
			<width>80</width>
			<height>80</height>
			<aspectratio>keep</aspectratio>
			<texture>$INFO[ListItem.Thumb]</texture>
		    </control>
		    <control type="label">
			<posx>590</posx>
			<posy>0</posy>
			<width>390</width>
			<height>70</height>
			<font>font12</font>
			<textcolor>white</textcolor>
			<selectedcolor>selected</selectedcolor>
			<align>right</align>
			<aligny>center</aligny>
			<label>$INFO[ListItem.Label2]</label>
		    </control>
		    <control type="textbox">
			<posx>0</posx>
			<posy>80</posy>
			<width>590</width>
			<height>50</height>
			<font>font12</font>
			<textcolor>white</textcolor>
			<selectedcolor>selected</selectedcolor>
			<align>center</align>
			<label>$INFO[ListItem.ActualIcon]</label>
		    </control>
		</itemlayout>
		<focusedlayout height="135" width="600">
		    <control type="image">
			<posx>0</posx>
			<posy>0</posy>
			<width>600</width>
			<height>136</height>
			<texture border="0,2,0,2">MenuItemNF.png</texture>
			<visible>!Control.HasFocus(51)</visible>
			<include>VisibleFadeEffect</include>
		    </control>
		    <control type="image">
			<posx>0</posx>
			<posy>0</posy>
			<width>600</width>
			<height>136</height>
			<texture border="10">button-focus2.png</texture>
			<visible>Control.HasFocus(51)</visible>
			<include>VisibleFadeEffect</include>
		    </control>
		    <control type="label">
			<posx>50</posx>
			<posy>0</posy>
			<width>100</width>
			<height>120</height>
			<font>font12</font>
			<textcolor>white</textcolor>
			<selectedcolor>selected</selectedcolor>
			<align>center</align>
			<aligny>center</aligny>
			<label>$INFO[ListItem.Label]</label>
		    </control>
		    <control type="image">
			<posx>110</posx>
			<posy>5</posy>
			<width>80</width>
			<height>80</height>
			<aspectratio>keep</aspectratio>
			<texture>$INFO[ListItem.Thumb]</texture>
		    </control>
		    <control type="label">
			<posx>590</posx>
			<posy>0</posy>
			<width>390</width>
			<height>70</height>
			<font>font12</font>
			<textcolor>white</textcolor>
			<selectedcolor>selected</selectedcolor>
			<align>right</align>
			<aligny>center</aligny>
			<label>$INFO[ListItem.Label2]</label>
		    </control>
		    <control type="textbox">
			<posx>0</posx>
			<posy>80</posy>
			<width>590</width>
			<height>50</height>
			<font>font12</font>
			<textcolor>white</textcolor>
			<selectedcolor>selected</selectedcolor>
			<align>center</align>
			<label>$INFO[ListItem.ActualIcon]</label>
		    </control>
		</focusedlayout>
		<content>
		    <item>
			<icon>$LOCALIZE[31909]</icon>
			<onclick>-</onclick>
			<visible>IsEmpty(Window.Property(Daily.IsFetched))</visible>
		    </item>
		    <item>
			<label>[B]$INFO[Window.Property(Daily.1.ShortDay)][/B][CR][COLOR=grey2]$INFO[Window.Property(Daily.1.ShortDate)][/COLOR]</label>
			<label2>$INFO[Window.Property(Daily.1.HighTemperature),[COLOR=grey2]$LOCALIZE[419] :[/COLOR][B] ,[/B]]  $INFO[Window.Property(Daily.1.LowTemperature),[COLOR=grey2]$LOCALIZE[418] :[/COLOR][B] ,[/B]][CR]$INFO[Window.Property(Daily.1.Precipitation),[COLOR=grey2]$LOCALIZE[33022] :[/COLOR][B] ,[/B]]</label2>
			<thumb>$INFO[Window.Property(Daily.1.OutlookIcon)]</thumb>
			<icon>$INFO[Window.Property(Daily.1.Outlook),[COLOR=grey2]$LOCALIZE[33030]: [/COLOR]][CR][COLOR=grey2]$LOCALIZE[383]: [/COLOR]$INFO[Window.Property(Daily.1.WindSpeed)] $INFO[Window.Property(Daily.1.WindDirection)]</icon>
			<onclick>-</onclick>
			<visible>!IsEmpty(Window.Property(Daily.IsFetched))</visible>
		    </item>
		    <item>
			<label>[B]$INFO[Window.Property(Daily.2.ShortDay)][/B][CR][COLOR=grey2]$INFO[Window.Property(Daily.2.ShortDate)][/COLOR]</label>
			<label2>$INFO[Window.Property(Daily.2.HighTemperature),[COLOR=grey2]$LOCALIZE[419] :[/COLOR][B] ,[/B]]  $INFO[Window.Property(Daily.2.LowTemperature),[COLOR=grey2]$LOCALIZE[418] :[/COLOR][B] ,[/B]][CR]$INFO[Window.Property(Daily.2.Precipitation),[COLOR=grey2]$LOCALIZE[33022] :[/COLOR][B] ,[/B]]</label2>
			<thumb>$INFO[Window.Property(Daily.2.OutlookIcon)]</thumb>
			<icon>$INFO[Window.Property(Daily.2.Outlook),[COLOR=grey2]$LOCALIZE[33030]: [/COLOR]][CR][COLOR=grey2]$LOCALIZE[383]: [/COLOR]$INFO[Window.Property(Daily.2.WindSpeed)] $INFO[Window.Property(Daily.2.WindDirection)]</icon>
			<onclick>-</onclick>
			<visible>!IsEmpty(Window.Property(Daily.IsFetched))</visible>
		    </item>
		    <item>
			<label>[B]$INFO[Window.Property(Daily.3.ShortDay)][/B][CR][COLOR=grey2]$INFO[Window.Property(Daily.3.ShortDate)][/COLOR]</label>
			<label2>$INFO[Window.Property(Daily.3.HighTemperature),[COLOR=grey2]$LOCALIZE[419] :[/COLOR][B] ,[/B]]  $INFO[Window.Property(Daily.3.LowTemperature),[COLOR=grey2]$LOCALIZE[418] :[/COLOR][B] ,[/B]][CR]$INFO[Window.Property(Daily.3.Precipitation),[COLOR=grey2]$LOCALIZE[33022] :[/COLOR][B] ,[/B]]</label2>
			<thumb>$INFO[Window.Property(Daily.3.OutlookIcon)]</thumb>
			<icon>$INFO[Window.Property(Daily.3.Outlook),[COLOR=grey2]$LOCALIZE[33030]: [/COLOR]][CR][COLOR=grey2]$LOCALIZE[383]: [/COLOR]$INFO[Window.Property(Daily.3.WindSpeed)] $INFO[Window.Property(Daily.3.WindDirection)]</icon>
			<onclick>-</onclick>
			<visible>!IsEmpty(Window.Property(Daily.IsFetched))</visible>
		    </item>
		    <item>
			<label>[B]$INFO[Window.Property(Daily.4.ShortDay)][/B][CR][COLOR=grey2]$INFO[Window.Property(Daily.4.ShortDate)][/COLOR]</label>
			<label2>$INFO[Window.Property(Daily.4.HighTemperature),[COLOR=grey2]$LOCALIZE[419] :[/COLOR][B] ,[/B]]  $INFO[Window.Property(Daily.4.LowTemperature),[COLOR=grey2]$LOCALIZE[418] :[/COLOR][B] ,[/B]][CR]$INFO[Window.Property(Daily.4.Precipitation),[COLOR=grey2]$LOCALIZE[33022] :[/COLOR][B] ,[/B]]</label2>
			<thumb>$INFO[Window.Property(Daily.4.OutlookIcon)]</thumb>
			<icon>$INFO[Window.Property(Daily.4.Outlook),[COLOR=grey2]$LOCALIZE[33030]: [/COLOR]][CR][COLOR=grey2]$LOCALIZE[383]: [/COLOR]$INFO[Window.Property(Daily.4.WindSpeed)] $INFO[Window.Property(Daily.4.WindDirection)]</icon>
			<onclick>-</onclick>
			<visible>!IsEmpty(Window.Property(Daily.IsFetched))</visible>
		    </item>
		    <item>
			<label>[B]$INFO[Window.Property(Daily.5.ShortDay)][/B][CR][COLOR=grey2]$INFO[Window.Property(Daily.5.ShortDate)][/COLOR]</label>
			<label2>$INFO[Window.Property(Daily.5.HighTemperature),[COLOR=grey2]$LOCALIZE[419] :[/COLOR][B] ,[/B]]  $INFO[Window.Property(Daily.5.LowTemperature),[COLOR=grey2]$LOCALIZE[418] :[/COLOR][B] ,[/B]][CR]$INFO[Window.Property(Daily.5.Precipitation),[COLOR=grey2]$LOCALIZE[33022] :[/COLOR][B] ,[/B]]</label2>
			<thumb>$INFO[Window.Property(Daily.5.OutlookIcon)]</thumb>
			<icon>$INFO[Window.Property(Daily.5.Outlook),[COLOR=grey2]$LOCALIZE[33030]: [/COLOR]][CR][COLOR=grey2]$LOCALIZE[383]: [/COLOR]$INFO[Window.Property(Daily.5.WindSpeed)] $INFO[Window.Property(Daily.5.WindDirection)]</icon>
			<onclick>-</onclick>
			<visible>!IsEmpty(Window.Property(Daily.IsFetched))</visible>
		    </item>
		    <item>
			<label>[B]$INFO[Window.Property(Daily.6.ShortDay)][/B][CR][COLOR=grey2]$INFO[Window.Property(Daily.6.ShortDate)][/COLOR]</label>
			<label2>$INFO[Window.Property(Daily.6.HighTemperature),[COLOR=grey2]$LOCALIZE[419] :[/COLOR][B] ,[/B]]  $INFO[Window.Property(Daily.6.LowTemperature),[COLOR=grey2]$LOCALIZE[418] :[/COLOR][B] ,[/B]][CR]$INFO[Window.Property(Daily.6.Precipitation),[COLOR=grey2]$LOCALIZE[33022] :[/COLOR][B] ,[/B]]</label2>
			<thumb>$INFO[Window.Property(Daily.6.OutlookIcon)]</thumb>
			<icon>$INFO[Window.Property(Daily.6.Outlook),[COLOR=grey2]$LOCALIZE[33030]: [/COLOR]][CR][COLOR=grey2]$LOCALIZE[383]: [/COLOR]$INFO[Window.Property(Daily.6.WindSpeed)] $INFO[Window.Property(Daily.6.WindDirection)]</icon>
			<onclick>-</onclick>
			<visible>!IsEmpty(Window.Property(Daily.IsFetched))</visible>
		    </item>
		    <item>
			<label>[B]$INFO[Window.Property(Daily.7.ShortDay)][/B][CR][COLOR=grey2]$INFO[Window.Property(Daily.7.ShortDate)][/COLOR]</label>
			<label2>$INFO[Window.Property(Daily.7.HighTemperature),[COLOR=grey2]$LOCALIZE[419] :[/COLOR][B] ,[/B]]  $INFO[Window.Property(Daily.7.LowTemperature),[COLOR=grey2]$LOCALIZE[418] :[/COLOR][B] ,[/B]][CR]$INFO[Window.Property(Daily.7.Precipitation),[COLOR=grey2]$LOCALIZE[33022] :[/COLOR][B] ,[/B]]</label2>
			<thumb>$INFO[Window.Property(Daily.7.OutlookIcon)]</thumb>
			<icon>$INFO[Window.Property(Daily.7.Outlook),[COLOR=grey2]$LOCALIZE[33030]: [/COLOR]][CR][COLOR=grey2]$LOCALIZE[383]: [/COLOR]$INFO[Window.Property(Daily.7.WindSpeed)] $INFO[Window.Property(Daily.7.WindDirection)]</icon>
			<onclick>-</onclick>
			<visible>!IsEmpty(Window.Property(Daily.IsFetched))</visible>
		    </item>
		    <item>
			<label>[B]$INFO[Window.Property(Daily.8.ShortDay)][/B][CR][COLOR=grey2]$INFO[Window.Property(Daily.8.ShortDate)][/COLOR]</label>
			<label2>$INFO[Window.Property(Daily.8.HighTemperature),[COLOR=grey2]$LOCALIZE[419] :[/COLOR][B] ,[/B]]  $INFO[Window.Property(Daily.8.LowTemperature),[COLOR=grey2]$LOCALIZE[418] :[/COLOR][B] ,[/B]][CR]$INFO[Window.Property(Daily.8.Precipitation),[COLOR=grey2]$LOCALIZE[33022] :[/COLOR][B] ,[/B]]</label2>
			<thumb>$INFO[Window.Property(Daily.8.OutlookIcon)]</thumb>
			<icon>$INFO[Window.Property(Daily.8.Outlook),[COLOR=grey2]$LOCALIZE[33030]: [/COLOR]][CR][COLOR=grey2]$LOCALIZE[383]: [/COLOR]$INFO[Window.Property(Daily.8.WindSpeed)] $INFO[Window.Property(Daily.8.WindDirection)]</icon>
			<onclick>-</onclick>
			<visible>!IsEmpty(Window.Property(Daily.IsFetched))</visible>
		    </item>
		    <item>
			<label>[B]$INFO[Window.Property(Daily.9.ShortDay)][/B][CR][COLOR=grey2]$INFO[Window.Property(Daily.9.ShortDate)][/COLOR]</label>
			<label2>$INFO[Window.Property(Daily.9.HighTemperature),[COLOR=grey2]$LOCALIZE[419] :[/COLOR][B] ,[/B]]  $INFO[Window.Property(Daily.9.LowTemperature),[COLOR=grey2]$LOCALIZE[418] :[/COLOR][B] ,[/B]][CR]$INFO[Window.Property(Daily.9.Precipitation),[COLOR=grey2]$LOCALIZE[33022] :[/COLOR][B] ,[/B]]</label2>
			<thumb>$INFO[Window.Property(Daily.9.OutlookIcon)]</thumb>
			<icon>$INFO[Window.Property(Daily.9.Outlook),[COLOR=grey2]$LOCALIZE[33030]: [/COLOR]][CR][COLOR=grey2]$LOCALIZE[383]: [/COLOR]$INFO[Window.Property(Daily.9.WindSpeed)] $INFO[Window.Property(Daily.9.WindDirection)]</icon>
			<onclick>-</onclick>
			<visible>!IsEmpty(Window.Property(Daily.IsFetched))</visible>
		    </item>
		    <item>
			<label>[B]$INFO[Window.Property(Daily.10.ShortDay)][/B][CR][COLOR=grey2]$INFO[Window.Property(Daily.10.ShortDate)][/COLOR]</label>
			<label2>$INFO[Window.Property(Daily.10.HighTemperature),[COLOR=grey2]$LOCALIZE[419] :[/COLOR][B] ,[/B]]  $INFO[Window.Property(Daily.10.LowTemperature),[COLOR=grey2]$LOCALIZE[418] :[/COLOR][B] ,[/B]][CR]$INFO[Window.Property(Daily.10.Precipitation),[COLOR=grey2]$LOCALIZE[33022] :[/COLOR][B] ,[/B]]</label2>
			<thumb>$INFO[Window.Property(Daily.10.OutlookIcon)]</thumb>
			<icon>$INFO[Window.Property(Daily.10.Outlook),[COLOR=grey2]$LOCALIZE[33030]: [/COLOR]][CR][COLOR=grey2]$LOCALIZE[383]: [/COLOR]$INFO[Window.Property(Daily.10.WindSpeed)] $INFO[Window.Property(Daily.10.WindDirection)]</icon>
			<onclick>-</onclick>
			<visible>!IsEmpty(Window.Property(Daily.IsFetched))</visible>
		    </item>
		</content>
	    </control>
	    <control type="scrollbar" id="61">
		<posx>615</posx>
		<posy>60</posy>
		<width>25</width>
		<height>540</height>
		<texturesliderbackground border="0,14,0,14">ScrollBarV.png</texturesliderbackground>
		<texturesliderbar border="0,14,0,14">ScrollBarV_bar.png</texturesliderbar>
		<texturesliderbarfocus border="0,14,0,14">ScrollBarV_bar_focus.png</texturesliderbarfocus>
		<textureslidernib>ScrollBarNib.png</textureslidernib>
		<textureslidernibfocus>ScrollBarNib.png</textureslidernibfocus>
		<onleft>51</onleft>
		<onright>9000</onright>
		<showonepage>true</showonepage>
		<orientation>vertical</orientation>
		<visible>Control.IsVisible(50)</visible>
	    </control>
	    <control type="label">
		<animation effect="slide" start="0,0" end="-90,0" time="0" condition="system.getbool(input.enablemouse)">Conditional</animation>
		<description>number of files/pages</description>
		<posx>660</posx>
		<posy>627</posy>
		<width>570</width>
		<font>font12</font>
		<align>right</align>
		<scroll>true</scroll>
		<textcolor>grey</textcolor>
		<shadowcolor>black</shadowcolor>
		<label>([COLOR=blue]$INFO[Container(51).NumItems][/COLOR]) $LOCALIZE[31025] - $LOCALIZE[31024] ([COLOR=blue]$INFO[Container(51).CurrentPage]/$INFO[Container(51).NumPages][/COLOR])</label>
	    </control>
	</control>
    </include>
</includes>
