<includes>
    <include name="WeatherHourlyForcast">
	<control type="group">
	    <visible>StringCompare(Window.Property(Weather.CurrentView),hourly)</visible>
	    <include>VisibleFadeEffect</include>
	    <control type="label">
		<description>header label</description>
		<posx>20</posx>
		<posy>13</posy>
		<width>610</width>
		<height>30</height>
		<font>font13_title</font>
		<label>31902</label>
		<align>center</align>
		<aligny>center</aligny>
		<textcolor>white</textcolor>
		<shadowcolor>black</shadowcolor>
	    </control>
	    <control type="list" id="52">
		<posx>15</posx>
		<posy>60</posy>
		<width>600</width>
		<height>541</height>
		<onleft>9000</onleft>
		<onright>62</onright>
		<onup>52</onup>
		<ondown>52</ondown>
		<viewtype label="535">list</viewtype>
		<pagecontrol>62</pagecontrol>
		<scrolltime>200</scrolltime>
		<itemlayout height="135" width="600">
		    <control type="image">
			<posx>0</posx>
			<posy>0</posy>
			<width>600</width>
			<height>136</height>
			<texture border="0,5,0,5">MenuItemNF.png</texture>
		    </control>
		    <control type="label">
			<posx>50</posx>
			<posy>0</posy>
			<width>100</width>
			<height>120</height>
			<font>font12</font>
			<textcolor>white</textcolor>
			<selectedcolor>selected</selectedcolor>
			<align>center</align>
			<aligny>center</aligny>
			<label>$INFO[ListItem.Label]</label>
		    </control>
		    <control type="image">
			<posx>110</posx>
			<posy>5</posy>
			<width>80</width>
			<height>80</height>
			<aspectratio>keep</aspectratio>
			<texture>$INFO[ListItem.Thumb]</texture>
		    </control>
		    <control type="label">
			<posx>590</posx>
			<posy>5</posy>
			<width>390</width>
			<height>70</height>
			<font>font12</font>
			<textcolor>white</textcolor>
			<selectedcolor>selected</selectedcolor>
			<align>right</align>
			<aligny>center</aligny>
			<label>$INFO[ListItem.Label2]</label>
		    </control>
		    <control type="textbox">
			<posx>0</posx>
			<posy>80</posy>
			<width>590</width>
			<height>50</height>
			<font>font12</font>
			<textcolor>white</textcolor>
			<selectedcolor>selected</selectedcolor>
			<align>center</align>
			<label>$INFO[ListItem.ActualIcon]</label>
		    </control>
		</itemlayout>
		<focusedlayout height="135" width="600">
		    <control type="image">
			<posx>0</posx>
			<posy>0</posy>
			<width>600</width>
			<height>136</height>
			<texture border="0,2,0,2">MenuItemNF.png</texture>
			<visible>!Control.HasFocus(52)</visible>
			<include>VisibleFadeEffect</include>
		    </control>
		    <control type="image">
			<posx>0</posx>
			<posy>0</posy>
			<width>600</width>
			<height>136</height>
			<texture border="10">button-focus2.png</texture>
			<visible>Control.HasFocus(52)</visible>
			<include>VisibleFadeEffect</include>
		    </control>
		    <control type="label">
			<posx>50</posx>
			<posy>0</posy>
			<width>100</width>
			<height>120</height>
			<font>font12</font>
			<textcolor>white</textcolor>
			<selectedcolor>selected</selectedcolor>
			<align>center</align>
			<aligny>center</aligny>
			<label>$INFO[ListItem.Label]</label>
		    </control>
		    <control type="image">
			<posx>110</posx>
			<posy>5</posy>
			<width>80</width>
			<height>80</height>
			<aspectratio>keep</aspectratio>
			<texture>$INFO[ListItem.Thumb]</texture>
		    </control>
		    <control type="label">
			<posx>590</posx>
			<posy>5</posy>
			<width>390</width>
			<height>70</height>
			<font>font12</font>
			<textcolor>white</textcolor>
			<selectedcolor>selected</selectedcolor>
			<align>right</align>
			<aligny>center</aligny>
			<label>$INFO[ListItem.Label2]</label>
		    </control>
		    <control type="textbox">
			<posx>0</posx>
			<posy>80</posy>
			<width>590</width>
			<height>50</height>
			<font>font12</font>
			<textcolor>white</textcolor>
			<selectedcolor>selected</selectedcolor>
			<align>center</align>
			<label>$INFO[ListItem.ActualIcon]</label>
		    </control>
		</focusedlayout>
		<content>
		    <item>
			<icon>$LOCALIZE[31909]</icon>
			<onclick>-</onclick>
			<visible>IsEmpty(Window.Property(Hourly.IsFetched))</visible>
		    </item>
		    <item>
			<label>[B]$INFO[Window.Property(Hourly.1.Time)][/B][CR][COLOR=grey2]$INFO[Window.Property(Hourly.1.ShortDate)][/COLOR]</label>
			<label2>$INFO[Window.Property(Hourly.1.Temperature),[COLOR=grey2]$LOCALIZE[419] :[/COLOR][B] ,[/B]]  $INFO[Window.Property(Hourly.1.FeelsLike),[COLOR=grey2]$LOCALIZE[402] :[/COLOR][B] ,[/B]][CR]$INFO[Window.Property(Hourly.1.Humidity),[COLOR=grey2]$LOCALIZE[406] :[/COLOR][B] ,[/B]][CR]$INFO[Window.Property(Hourly.1.ChancePrecipitation),[COLOR=grey2]$LOCALIZE[31908] :[/COLOR][B] ,[/B]]</label2>
			<thumb>$INFO[Window.Property(Hourly.1.OutlookIcon)]</thumb>
			<icon>$INFO[Window.Property(Hourly.1.Outlook),[COLOR=grey2]$LOCALIZE[33030]: [/COLOR]][CR][COLOR=grey2]$LOCALIZE[383]: [/COLOR]$INFO[Window.Property(Hourly.1.WindSpeed)] $INFO[Window.Property(Hourly.1.WindDirection)]</icon>
			<onclick>-</onclick>
			<visible>!IsEmpty(Window.Property(Hourly.IsFetched))</visible>
		    </item>
		    <item>
			<label>[B]$INFO[Window.Property(Hourly.2.Time)][/B][CR][COLOR=grey2]$INFO[Window.Property(Hourly.2.ShortDate)][/COLOR]</label>
			<label2>$INFO[Window.Property(Hourly.2.Temperature),[COLOR=grey2]$LOCALIZE[419] :[/COLOR][B] ,[/B]]  $INFO[Window.Property(Hourly.2.FeelsLike),[COLOR=grey2]$LOCALIZE[402] :[/COLOR][B] ,[/B]][CR]$INFO[Window.Property(Hourly.2.Humidity),[COLOR=grey2]$LOCALIZE[406] :[/COLOR][B] ,[/B]][CR]$INFO[Window.Property(Hourly.2.ChancePrecipitation),[COLOR=grey2]$LOCALIZE[31908] :[/COLOR][B] ,[/B]]</label2>
			<thumb>$INFO[Window.Property(Hourly.2.OutlookIcon)]</thumb>
			<icon>$INFO[Window.Property(Hourly.2.Outlook),[COLOR=grey2]$LOCALIZE[33030]: [/COLOR]][CR][COLOR=grey2]$LOCALIZE[383]: [/COLOR]$INFO[Window.Property(Hourly.2.WindSpeed)] $INFO[Window.Property(Hourly.2.WindDirection)]</icon>
			<onclick>-</onclick>
			<visible>!IsEmpty(Window.Property(Hourly.IsFetched))</visible>
		    </item>
		    <item>
			<label>[B]$INFO[Window.Property(Hourly.3.Time)][/B][CR][COLOR=grey2]$INFO[Window.Property(Hourly.3.ShortDate)][/COLOR]</label>
			<label2>$INFO[Window.Property(Hourly.3.Temperature),[COLOR=grey2]$LOCALIZE[419] :[/COLOR][B] ,[/B]]  $INFO[Window.Property(Hourly.3.FeelsLike),[COLOR=grey2]$LOCALIZE[402] :[/COLOR][B] ,[/B]][CR]$INFO[Window.Property(Hourly.3.Humidity),[COLOR=grey2]$LOCALIZE[406] :[/COLOR][B] ,[/B]][CR]$INFO[Window.Property(Hourly.3.ChancePrecipitation),[COLOR=grey2]$LOCALIZE[31908] :[/COLOR][B] ,[/B]]</label2>
			<thumb>$INFO[Window.Property(Hourly.3.OutlookIcon)]</thumb>
			<icon>$INFO[Window.Property(Hourly.3.Outlook),[COLOR=grey2]$LOCALIZE[33030]: [/COLOR]][CR][COLOR=grey2]$LOCALIZE[383]: [/COLOR]$INFO[Window.Property(Hourly.3.WindSpeed)] $INFO[Window.Property(Hourly.3.WindDirection)]</icon>
			<onclick>-</onclick>
			<visible>!IsEmpty(Window.Property(Hourly.IsFetched))</visible>
		    </item>
		    <item>
			<label>[B]$INFO[Window.Property(Hourly.4.Time)][/B][CR][COLOR=grey2]$INFO[Window.Property(Hourly.4.ShortDate)][/COLOR]</label>
			<label2>$INFO[Window.Property(Hourly.4.Temperature),[COLOR=grey2]$LOCALIZE[419] :[/COLOR][B] ,[/B]]  $INFO[Window.Property(Hourly.4.FeelsLike),[COLOR=grey2]$LOCALIZE[402] :[/COLOR][B] ,[/B]][CR]$INFO[Window.Property(Hourly.4.Humidity),[COLOR=grey2]$LOCALIZE[406] :[/COLOR][B] ,[/B]][CR]$INFO[Window.Property(Hourly.4.ChancePrecipitation),[COLOR=grey2]$LOCALIZE[31908] :[/COLOR][B] ,[/B]]</label2>
			<thumb>$INFO[Window.Property(Hourly.4.OutlookIcon)]</thumb>
			<icon>$INFO[Window.Property(Hourly.4.Outlook),[COLOR=grey2]$LOCALIZE[33030]: [/COLOR]][CR][COLOR=grey2]$LOCALIZE[383]: [/COLOR]$INFO[Window.Property(Hourly.4.WindSpeed)] $INFO[Window.Property(Hourly.4.WindDirection)]</icon>
			<onclick>-</onclick>
			<visible>!IsEmpty(Window.Property(Hourly.IsFetched))</visible>
		    </item>
		    <item>
			<label>[B]$INFO[Window.Property(Hourly.5.Time)][/B][CR][COLOR=grey2]$INFO[Window.Property(Hourly.5.ShortDate)][/COLOR]</label>
			<label2>$INFO[Window.Property(Hourly.5.Temperature),[COLOR=grey2]$LOCALIZE[419] :[/COLOR][B] ,[/B]]  $INFO[Window.Property(Hourly.5.FeelsLike),[COLOR=grey2]$LOCALIZE[402] :[/COLOR][B] ,[/B]][CR]$INFO[Window.Property(Hourly.5.Humidity),[COLOR=grey2]$LOCALIZE[406] :[/COLOR][B] ,[/B]][CR]$INFO[Window.Property(Hourly.5.ChancePrecipitation),[COLOR=grey2]$LOCALIZE[31908] :[/COLOR][B] ,[/B]]</label2>
			<thumb>$INFO[Window.Property(Hourly.5.OutlookIcon)]</thumb>
			<icon>$INFO[Window.Property(Hourly.5.Outlook),[COLOR=grey2]$LOCALIZE[33030]: [/COLOR]][CR][COLOR=grey2]$LOCALIZE[383]: [/COLOR]$INFO[Window.Property(Hourly.5.WindSpeed)] $INFO[Window.Property(Hourly.5.WindDirection)]</icon>
			<onclick>-</onclick>
			<visible>!IsEmpty(Window.Property(Hourly.IsFetched))</visible>
		    </item>
		    <item>
			<label>[B]$INFO[Window.Property(Hourly.6.Time)][/B][CR][COLOR=grey2]$INFO[Window.Property(Hourly.6.ShortDate)][/COLOR]</label>
			<label2>$INFO[Window.Property(Hourly.6.Temperature),[COLOR=grey2]$LOCALIZE[419] :[/COLOR][B] ,[/B]]  $INFO[Window.Property(Hourly.6.FeelsLike),[COLOR=grey2]$LOCALIZE[402] :[/COLOR][B] ,[/B]][CR]$INFO[Window.Property(Hourly.6.Humidity),[COLOR=grey2]$LOCALIZE[406] :[/COLOR][B] ,[/B]][CR]$INFO[Window.Property(Hourly.6.ChancePrecipitation),[COLOR=grey2]$LOCALIZE[31908] :[/COLOR][B] ,[/B]]</label2>
			<thumb>$INFO[Window.Property(Hourly.6.OutlookIcon)]</thumb>
			<icon>$INFO[Window.Property(Hourly.6.Outlook),[COLOR=grey2]$LOCALIZE[33030]: [/COLOR]][CR][COLOR=grey2]$LOCALIZE[383]: [/COLOR]$INFO[Window.Property(Hourly.6.WindSpeed)] $INFO[Window.Property(Hourly.6.WindDirection)]</icon>
			<onclick>-</onclick>
			<visible>!IsEmpty(Window.Property(Hourly.IsFetched))</visible>
		    </item>
		    <item>
			<label>[B]$INFO[Window.Property(Hourly.7.Time)][/B][CR][COLOR=grey2]$INFO[Window.Property(Hourly.7.ShortDate)][/COLOR]</label>
			<label2>$INFO[Window.Property(Hourly.7.Temperature),[COLOR=grey2]$LOCALIZE[419] :[/COLOR][B] ,[/B]]  $INFO[Window.Property(Hourly.7.FeelsLike),[COLOR=grey2]$LOCALIZE[402] :[/COLOR][B] ,[/B]][CR]$INFO[Window.Property(Hourly.7.Humidity),[COLOR=grey2]$LOCALIZE[406] :[/COLOR][B] ,[/B]][CR]$INFO[Window.Property(Hourly.7.ChancePrecipitation),[COLOR=grey2]$LOCALIZE[31908] :[/COLOR][B] ,[/B]]</label2>
			<thumb>$INFO[Window.Property(Hourly.7.OutlookIcon)]</thumb>
			<icon>$INFO[Window.Property(Hourly.7.Outlook),[COLOR=grey2]$LOCALIZE[33030]: [/COLOR]][CR][COLOR=grey2]$LOCALIZE[383]: [/COLOR]$INFO[Window.Property(Hourly.7.WindSpeed)] $INFO[Window.Property(Hourly.7.WindDirection)]</icon>
			<onclick>-</onclick>
			<visible>!IsEmpty(Window.Property(Hourly.IsFetched))</visible>
		    </item>
		    <item>
			<label>[B]$INFO[Window.Property(Hourly.8.Time)][/B][CR][COLOR=grey2]$INFO[Window.Property(Hourly.8.ShortDate)][/COLOR]</label>
			<label2>$INFO[Window.Property(Hourly.8.Temperature),[COLOR=grey2]$LOCALIZE[419] :[/COLOR][B] ,[/B]]  $INFO[Window.Property(Hourly.8.FeelsLike),[COLOR=grey2]$LOCALIZE[402] :[/COLOR][B] ,[/B]][CR]$INFO[Window.Property(Hourly.8.Humidity),[COLOR=grey2]$LOCALIZE[406] :[/COLOR][B] ,[/B]][CR]$INFO[Window.Property(Hourly.8.ChancePrecipitation),[COLOR=grey2]$LOCALIZE[31908] :[/COLOR][B] ,[/B]]</label2>
			<thumb>$INFO[Window.Property(Hourly.8.OutlookIcon)]</thumb>
			<icon>$INFO[Window.Property(Hourly.8.Outlook),[COLOR=grey2]$LOCALIZE[33030]: [/COLOR]][CR][COLOR=grey2]$LOCALIZE[383]: [/COLOR]$INFO[Window.Property(Hourly.8.WindSpeed)] $INFO[Window.Property(Hourly.8.WindDirection)]</icon>
			<onclick>-</onclick>
			<visible>!IsEmpty(Window.Property(Hourly.IsFetched))</visible>
		    </item>
		    <item>
			<label>[B]$INFO[Window.Property(Hourly.9.Time)][/B][CR][COLOR=grey2]$INFO[Window.Property(Hourly.9.ShortDate)][/COLOR]</label>
			<label2>$INFO[Window.Property(Hourly.9.Temperature),[COLOR=grey2]$LOCALIZE[419] :[/COLOR][B] ,[/B]]  $INFO[Window.Property(Hourly.9.FeelsLike),[COLOR=grey2]$LOCALIZE[402] :[/COLOR][B] ,[/B]][CR]$INFO[Window.Property(Hourly.9.Humidity),[COLOR=grey2]$LOCALIZE[406] :[/COLOR][B] ,[/B]][CR]$INFO[Window.Property(Hourly.9.ChancePrecipitation),[COLOR=grey2]$LOCALIZE[31908] :[/COLOR][B] ,[/B]]</label2>
			<thumb>$INFO[Window.Property(Hourly.9.OutlookIcon)]</thumb>
			<icon>$INFO[Window.Property(Hourly.9.Outlook),[COLOR=grey2]$LOCALIZE[33030]: [/COLOR]][CR][COLOR=grey2]$LOCALIZE[383]: [/COLOR]$INFO[Window.Property(Hourly.9.WindSpeed)] $INFO[Window.Property(Hourly.9.WindDirection)]</icon>
			<onclick>-</onclick>
			<visible>!IsEmpty(Window.Property(Hourly.IsFetched))</visible>
		    </item>
		    <item>
			<label>[B]$INFO[Window.Property(Hourly.10.Time)][/B][CR][COLOR=grey2]$INFO[Window.Property(Hourly.10.ShortDate)][/COLOR]</label>
			<label2>$INFO[Window.Property(Hourly.10.Temperature),[COLOR=grey2]$LOCALIZE[419] :[/COLOR][B] ,[/B]]  $INFO[Window.Property(Hourly.10.FeelsLike),[COLOR=grey2]$LOCALIZE[402] :[/COLOR][B] ,[/B]][CR]$INFO[Window.Property(Hourly.10.Humidity),[COLOR=grey2]$LOCALIZE[406] :[/COLOR][B] ,[/B]][CR]$INFO[Window.Property(Hourly.10.ChancePrecipitation),[COLOR=grey2]$LOCALIZE[31908] :[/COLOR][B] ,[/B]]</label2>
			<thumb>$INFO[Window.Property(Hourly.10.OutlookIcon)]</thumb>
			<icon>$INFO[Window.Property(Hourly.10.Outlook),[COLOR=grey2]$LOCALIZE[33030]: [/COLOR]][CR][COLOR=grey2]$LOCALIZE[383]: [/COLOR]$INFO[Window.Property(Hourly.10.WindSpeed)] $INFO[Window.Property(Hourly.10.WindDirection)]</icon>
			<onclick>-</onclick>
			<visible>!IsEmpty(Window.Property(Hourly.IsFetched))</visible>
		    </item>
		    <item>
			<label>[B]$INFO[Window.Property(Hourly.11.Time)][/B][CR][COLOR=grey2]$INFO[Window.Property(Hourly.11.ShortDate)][/COLOR]</label>
			<label2>$INFO[Window.Property(Hourly.11.Temperature),[COLOR=grey2]$LOCALIZE[419] :[/COLOR][B] ,[/B]]  $INFO[Window.Property(Hourly.11.FeelsLike),[COLOR=grey2]$LOCALIZE[402] :[/COLOR][B] ,[/B]][CR]$INFO[Window.Property(Hourly.11.Humidity),[COLOR=grey2]$LOCALIZE[406] :[/COLOR][B] ,[/B]][CR]$INFO[Window.Property(Hourly.11.ChancePrecipitation),[COLOR=grey2]$LOCALIZE[31908] :[/COLOR][B] ,[/B]]</label2>
			<thumb>$INFO[Window.Property(Hourly.11.OutlookIcon)]</thumb>
			<icon>$INFO[Window.Property(Hourly.11.Outlook),[COLOR=grey2]$LOCALIZE[33030]: [/COLOR]][CR][COLOR=grey2]$LOCALIZE[383]: [/COLOR]$INFO[Window.Property(Hourly.11.WindSpeed)] $INFO[Window.Property(Hourly.11.WindDirection)]</icon>
			<onclick>-</onclick>
			<visible>!IsEmpty(Window.Property(Hourly.IsFetched))</visible>
		    </item>
		    <item>
			<label>[B]$INFO[Window.Property(Hourly.12.Time)][/B][CR][COLOR=grey2]$INFO[Window.Property(Hourly.12.ShortDate)][/COLOR]</label>
			<label2>$INFO[Window.Property(Hourly.12.Temperature),[COLOR=grey2]$LOCALIZE[419] :[/COLOR][B] ,[/B]]  $INFO[Window.Property(Hourly.12.FeelsLike),[COLOR=grey2]$LOCALIZE[402] :[/COLOR][B] ,[/B]][CR]$INFO[Window.Property(Hourly.12.Humidity),[COLOR=grey2]$LOCALIZE[406] :[/COLOR][B] ,[/B]][CR]$INFO[Window.Property(Hourly.12.ChancePrecipitation),[COLOR=grey2]$LOCALIZE[31908] :[/COLOR][B] ,[/B]]</label2>
			<thumb>$INFO[Window.Property(Hourly.12.OutlookIcon)]</thumb>
			<icon>$INFO[Window.Property(Hourly.12.Outlook),[COLOR=grey2]$LOCALIZE[33030]: [/COLOR]][CR][COLOR=grey2]$LOCALIZE[383]: [/COLOR]$INFO[Window.Property(Hourly.12.WindSpeed)] $INFO[Window.Property(Hourly.12.WindDirection)]</icon>
			<onclick>-</onclick>
			<visible>!IsEmpty(Window.Property(Hourly.IsFetched))</visible>
		    </item>
		</content>
	    </control>
	    <control type="scrollbar" id="62">
		<posx>615</posx>
		<posy>60</posy>
		<width>25</width>
		<height>540</height>
		<texturesliderbackground border="0,14,0,14">ScrollBarV.png</texturesliderbackground>
		<texturesliderbar border="0,14,0,14">ScrollBarV_bar.png</texturesliderbar>
		<texturesliderbarfocus border="0,14,0,14">ScrollBarV_bar_focus.png</texturesliderbarfocus>
		<textureslidernib>ScrollBarNib.png</textureslidernib>
		<textureslidernibfocus>ScrollBarNib.png</textureslidernibfocus>
		<onleft>52</onleft>
		<onright>9000</onright>
		<showonepage>true</showonepage>
		<orientation>vertical</orientation>
		<visible>Control.IsVisible(50)</visible>
	    </control>
	    <control type="label">
		<animation effect="slide" start="0,0" end="-90,0" time="0" condition="system.getbool(input.enablemouse)">Conditional</animation>
		<description>number of files/pages</description>
		<posx>660</posx>
		<posy>627</posy>
		<width>570</width>
		<font>font12</font>
		<align>right</align>
		<scroll>true</scroll>
		<textcolor>grey</textcolor>
		<shadowcolor>black</shadowcolor>
		<label>([COLOR=blue]$INFO[Container(52).NumItems][/COLOR]) $LOCALIZE[31025] - $LOCALIZE[31024] ([COLOR=blue]$INFO[Container(52).CurrentPage]/$INFO[Container(52).NumPages][/COLOR])</label>
	    </control>
	</control>
    </include>
</includes>
