<includes>
    <include name="WeatherMapAlerts">
	<control type="group">
	    <visible>StringCompare(Window.Property(Weather.CurrentView),map)</visible>
	    <include>VisibleFadeEffect</include>
	    <control type="button" id="999">
		<description>Hidden Button for focus</description>
		<posx>-600</posx>
		<posy>-20</posy>
		<width>1</width>
		<height>1</height>
		<texturenofocus>-</texturenofocus>
		<texturefocus>-</texturefocus>
		<onleft>9000</onleft>
		<onright>9000</onright>
	    </control>
	    <control type="label">
		<description>header label</description>
		<posx>20</posx>
		<posy>13</posy>
		<width>610</width>
		<height>30</height>
		<font>font13_title</font>
		<label>31910</label>
		<align>center</align>
		<aligny>center</aligny>
		<textcolor>white</textcolor>
		<shadowcolor>black</shadowcolor>
	    </control>
	    <control type="image">
		<description>Background image</description>
		<posx>40</posx>
		<posy>75</posy>
		<width>570</width>
		<height>325</height>
		<texture border="5">button-nofocus.png</texture>
	    </control>
	    <control type="multiimage">
		<description>map multiimage</description>
		<posx>45</posx>
		<posy>80</posy>
		<width>560</width>
		<height>315</height>
		<imagepath>$INFO[Window.Property(MapPath)]</imagepath>
		<timeperimage>500</timeperimage>
		<pauseatend>1000</pauseatend>
		<fadetime>0</fadetime>
		<randomize>false</randomize>
		<loop>yes</loop>
		<aspectratio>keep</aspectratio>
		<aligny>center</aligny>
	    </control>
	    <control type="image">
		<posx>0</posx>
		<posy>410</posy>
		<width>650</width>
		<height>4</height>
		<texture>separator.png</texture>
	    </control>
	    <control type="label">
		<posx>40</posx>
		<posy>430</posy>
		<width>570</width>
		<height>30</height>
		<font>font13_title</font>
		<textcolor>blue</textcolor>
		<align>center</align>
		<aligny>center</aligny>
		<label>$LOCALIZE[33050]</label>
	    </control>
	    <control type="group">
		<visible>!StringCompare(Window.Property(Alerts.Count),0)</visible>
		<control type="textbox">
		    <posx>40</posx>
		    <posy>470</posy>
		    <width>570</width>
		    <height>100</height>
		    <font>font12</font>
		    <textcolor>white</textcolor>
		    <selectedcolor>selected</selectedcolor>
		    <align>center</align>
		    <label>$INFO[Window.Property(Alerts)]</label>
		    <autoscroll time="2000" delay="3000" repeat="5000">Skin.HasSetting(AutoScroll)</autoscroll>
		</control>
	    </control>
	    <control type="label">
		<posx>40</posx>
		<posy>500</posy>
		<width>570</width>
		<height>30</height>
		<font>font13_title</font>
		<textcolor>white</textcolor>
		<align>center</align>
		<aligny>center</aligny>
		<label>$LOCALIZE[19055]</label>
		<visible>StringCompare(Window.Property(Alerts.Count),0)</visible>
	    </control>
	</control>
    </include>
</includes>
