<?xml version="1.0" encoding="UTF-8" standalone="yes"?>
<addon id="repository.search.db"
		name="XBMC.ru search db"
		version="1.0.9"
		provider-name="bigbax">
  <requires>
    <import addon="xbmc.addon" version="12.0.0"/>
  </requires>
	<extension point="xbmc.addon.repository"
		name="XBMC.ru search db">
	        <dir minversion="12.9.0">
			<info compressed="false">http://xbmc-vk-repo.googlecode.com/svn/trunk/addons/addons.xml</info>
			<checksum>http://xbmc-vk-repo.googlecode.com/svn/trunk/addons/addons.xml.md5</checksum>
			<datadir zip="false">http://xbmc-vk-repo.googlecode.com/svn/trunk/addons/</datadir>
			<hashes>true</hashes>
		</dir>
	        <dir minversion="12.9.0">
			<info compressed="false">http://ex-ua-viewer.googlecode.com/hg/addons.xml</info>
			<checksum>http://ex-ua-viewer.googlecode.com/hg/addons.xml.md5</checksum>
			<datadir zip="true">http://ex-ua-viewer.googlecode.com/hg/</datadir>
			<hashes>true</hashes>
		</dir>
	        <dir minversion="12.9.0">
			<info compressed="false">https://api.bitbucket.org/1.0/repositories/vadimskorba/torrenter/raw/default/addons.xml</info>
			<checksum>https://api.bitbucket.org/1.0/repositories/vadimskorba/torrenter/raw/default/addons.xml.md5</checksum>
			<datadir zip="true">https://api.bitbucket.org/1.0/repositories/vadimskorba/torrenter/raw/default/</datadir>
			<hashes>true</hashes>
		</dir>
	        <dir minversion="12.9.0">
			<info compressed="false">https://github.com/Eugene-Bond/xmbc-plugins/raw/master/addons.xml</info>
			<checksum>https://github.com/Eugene-Bond/xmbc-plugins/raw/master/addons.xml.md5</checksum>
			<datadir zip="true">https://github.com/Eugene-Bond/xmbc-plugins/raw/master/</datadir>
			<hashes>true</hashes>
		</dir>
		<dir minversion="12.9.0">
			<info compressed="false">https://raw.github.com/evgen-dev/repository.evgen_dev.xbmc-addons/master/addons.xml</info>
			<checksum>https://raw.github.com/evgen-dev/repository.evgen_dev.xbmc-addons/master/addons.xml.md5</checksum>
			<datadir zip="true">https://raw.github.com/evgen-dev/repository.evgen_dev.xbmc-addons/master/repo</datadir>
			<hashes>true</hashes>
		</dir>
	        <dir minversion="12.9.0">
			<info compressed="false">https://github.com/xbmc-addon/repository.hal9000/raw/master/addons.xml</info>
			<checksum>https://github.com/xbmc-addon/repository.hal9000/raw/master/addons.xml.md5</checksum>
			<datadir zip="true">https://github.com/xbmc-addon/repository.hal9000/raw/master/repo</datadir>
			<hashes>true</hashes>
		</dir>
		<dir minversion="12.9.0">
			<info compressed="false">https://github.com/tdw1980/tdw/raw/master/addons.xml</info>
			<checksum>https://github.com/tdw1980/tdw/raw/master/addons.xml.md5</checksum>
			<datadir zip="true">https://github.com/tdw1980/tdw/raw/master/</datadir>
			<hashes>true</hashes>
		</dir>
		<dir minversion="12.9.0">
			<info compressed="false">http://mnn-xbmc-repo.googlecode.com/svn/trunk/addons/addons.xml</info>
			<checksum>http://mnn-xbmc-repo.googlecode.com/svn/trunk/addons/addons.xml.md5</checksum>
			<datadir zip="false">http://mnn-xbmc-repo.googlecode.com/svn/trunk/addons/</datadir>
			<hashes>true</hashes>
		</dir>
		<dir minversion="12.9.0">
			<info compressed="false">https://raw.github.com/mrstealth/xbmc-gotham/master/addons.xml</info>
			<checksum>https://raw.github.com/mrstealth/xbmc-gotham/master/addons.xml.md5</checksum>
			<datadir zip="true">https://raw.github.com/mrstealth/xbmc-gotham/master/zip/</datadir>
			<hashes>true</hashes>
		</dir>
		<dir minversion="12.9.0">
			<info compressed="false">http://api.bitbucket.org/1.0/repositories/DiMartino/myshows.me-kodi-repo/raw/default/addons.xml</info>
			<checksum>http://api.bitbucket.org/1.0/repositories/DiMartino/myshows.me-kodi-repo/raw/default/addons.xml.md5</checksum>
			<datadir zip="true">http://api.bitbucket.org/1.0/repositories/DiMartino/myshows.me-kodi-repo/raw/default/repo/</datadir>
			<hashes>true</hashes>
		</dir>
		<dir minversion="12.9.0">
			<info compressed="false">http://nuismons-xmbc.googlecode.com/svn/trunk/addons/addons.xml</info>
			<checksum>http://nuismons-xmbc.googlecode.com/svn/trunk/addons/addons.xml.md5</checksum>
			<datadir zip="false">http://nuismons-xmbc.googlecode.com/svn/trunk/addons/</datadir>
			<hashes>true</hashes>
		</dir>
		<dir minversion="12.9.0">
			<info compressed="false">https://raw.githubusercontent.com/NuisMons/nuXBMCRepo/master/addons/addons.xml</info>
			<checksum>https://raw.githubusercontent.com/NuisMons/nuXBMCRepo/master/addons/addons.xml.md5</checksum>
			<datadir zip="true">https://raw.githubusercontent.com/NuisMons/nuXBMCRepo/master/zip</datadir>
			<hashes>true</hashes>
		</dir>
		<dir minversion="12.9.0">
			<info compressed="false">http://silhouette-xbmc-repo.googlecode.com/svn/trunk/addons/addons.xml</info>
			<checksum>http://silhouette-xbmc-repo.googlecode.com/svn/trunk/addons/addons.xml.md5</checksum>
			<datadir zip="false">http://silhouette-xbmc-repo.googlecode.com/svn/trunk/addons/</datadir>
			<hashes>true</hashes>
		</dir>
		<dir minversion="12.9.0">
			<info compressed="false">https://github.com/Silhouette2022/kodi/raw/master/addons.xml</info>
			<checksum>https://github.com/Silhouette2022/kodi/raw/master/addons.xml.md5</checksum>
			<datadir zip="true">https://github.com/Silhouette2022/kodi/raw/master/repo</datadir>
			<hashes>true</hashes>
		</dir>
		<dir minversion="12.9.0">
			<info compressed="false">http://tolin-xbmc-repo.googlecode.com/svn/trunk/addons/addons.xml</info>
			<checksum>http://tolin-xbmc-repo.googlecode.com/svn/trunk/addons/addons.xml.md5</checksum>
			<datadir zip="false">http://tolin-xbmc-repo.googlecode.com/svn/trunk/addons/</datadir>
			<hashes>true</hashes>
		</dir>
		<dir minversion="12.9.0">
			<info compressed="false">https://github.com/seppius-xbmc-repo/ru/raw/master/addons.xml</info>
			<checksum>https://github.com/seppius-xbmc-repo/ru/raw/master/addons.xml.md5</checksum>
			<datadir zip="true">https://github.com/seppius-xbmc-repo/ru/raw/master/</datadir>
			<hashes>true</hashes>
		</dir>
		<dir minversion="12.9.0">
			<info compressed="false">http://xbmc-vk-repo.googlecode.com/svn/trunk/addons/addons.xml</info>
			<checksum>http://xbmc-vk-repo.googlecode.com/svn/trunk/addons/addons.xml.md5</checksum>
			<datadir zip="false">http://xbmc-vk-repo.googlecode.com/svn/trunk/addons/</datadir>
			<hashes>true</hashes>
		</dir>
		<dir minversion="12.9.0">
			<info compressed="false">http://afedchin.github.io/repository/addons.xml</info>
			<checksum>http://afedchin.github.io/repository/addons.xml.md5</checksum>
			<datadir zip="true">http://afedchin.github.io/repository/</datadir>
			<hashes>true</hashes>
		</dir>
	</extension>
	<extension point="xbmc.addon.metadata">
		<summary lang="en">Install Add-ons from XBMC.ru</summary>
		<summary lang="ru">Установить дополнения с сайта XBMC.ru</summary>
		<description lang="en">Download and install add-ons from the UnOfficial XBMC.ru forum add-on repository.[CR]  If you find a broken or not working add-on please report it to Team XBMC so we can take any action needed.</description>
		<description lang="ru">Загружайте и устанавливайте плагины разработчиков форума XBMC.ru[CR] Если вы обнаружили нерабочий плагин, сообщите об этом в теме разработчика плагина в разделе форума "Помощь по плагинам".</description>
		<disclaimer lang="en">Team XBMC.ru did not make all the add-ons on this repository and are not responsible for their content</disclaimer>
		<disclaimer lang="ru">Разработчики XBMC.ru являются авторами всех дополнений в данном репозитории, но не несут ответственность за их содержимое.</disclaimer>
		<platform>all</platform>
	</extension>
</addon>
