﻿<?xml version="1.0" encoding="UTF-8" standalone="yes"?>
<addon id="plugin.video.telik.in.ua"
       name="[COLOR FF00FF00]ТВ Онлайн ([/COLOR][COLOR FFFFF000]telik.in.ua[/COLOR][COLOR FF00FF00])[/COLOR]"
       version="1.0.4"
       provider-name="Silen">
  <requires>
    <import addon="xbmc.python" version="2.1.0"/>
  </requires>
  <extension point="xbmc.python.pluginsource"
             provides="video"
             library="default.py">
    <provides>video</provides>
  </extension>
  <extension point="xbmc.addon.metadata">
    <summary>nogomya.ch</summary>
    <description>Медиа портал с онлайн телевидинием.</description>
    <platform>all</platform>
  </extension>
</addon>

