<?xml version="1.0" encoding="UTF-8" standalone="yes"?>
<addon id="plugin.video.zoomby.ru" name="Zoomby.ru" version="0.1.2" provider-name="undeman">
	<requires>
		<import addon="xbmc.python" version="2.1.0" />
		<import addon="script.module.beautifulsoup4" version="4.3.2"/>
		<import addon="script.module.requests" version="2.7.0"/>
	</requires>
	<extension point="xbmc.python.pluginsource" provides="video" library="default.py">
		<provides>video</provides>
	</extension>
	<extension point="xbmc.addon.metadata">
		<summary>Здесь вы можете онлайн, легально и бесплатно смотреть любимые фильмы, сериалы, новости, музыкальные клипы, шоу и другие телевизионные передачи.</summary>
		<description>
			Приветствуем вас на сайте Zoomby.ru – одном из крупнейших развлекательных порталов российского интернета. Здесь вы можете онлайн, легально и бесплатно смотреть любимые фильмы, сериалы, новости, музыкальные клипы, шоу и другие телевизионные передачи.</description>
		<platform>all</platform>
		<language>ru</language>
	</extension>
</addon>