﻿<?xml version="1.0" encoding="UTF-8" standalone="yes"?>
<addon id="plugin.video.hdkinoteatr.com"
       name="[COLOR FFFFFF00]HDkinoteatr.com[/COLOR]"
       version="0.0.2"
       provider-name="Girman Evgeniy">
  <requires>
    <import addon="xbmc.python" version="2.1.0"/>
	<import addon="script.module.beautifulsoup"/>
  </requires>
  <extension point="xbmc.python.pluginsource"
             provides="video"
             library="default.py">
    <provides>video</provides>
  </extension>
  <extension point="xbmc.addon.metadata">
    <summary>HDkinoTeatr.com</summary>
    <description>HDkinoTeatr.com - Фильмы онлайн в хорошем качестве</description>
    <platform>all</platform>
  </extension>
</addon>

