﻿<?xml version="1.0" encoding="UTF-8" standalone="yes"?>
<addon id="plugin.video.docu.im"
       name="[COLOR FF00FF00]Документальные фильмы ([/COLOR][COLOR FFFFF000]docu.im[/COLOR][COLOR FF00FF00])[/COLOR]"
       version="1.0.5"
       provider-name="Silen">
  <requires>
    <import addon="xbmc.python" version="2.1.0"/>
  </requires>
  <extension point="xbmc.python.pluginsource"
             provides="video"
             library="default.py">
    <provides>video</provides>
  </extension>
  <extension point="xbmc.addon.metadata">
    <summary>my-hit.ru</summary>
    <description>Документальные фильмы онлайн.</description>
    <platform>all</platform>
  </extension>
</addon>

