<?xml version="1.0" encoding="UTF-8" standalone="yes"?>
<addon id="service.RussianKeyboard"
       name="Russian Keyboard"
       version="1.1.6"
       provider-name="Lamkin666">
    <requires>
        <import addon="xbmc.python" version="2.1.0"/>
    </requires>
    <extension point="xbmc.service"
            library="default.py"
            start="[login|startup]">
    </extension>
    <extension point="xbmc.addon.metadata">
        <language>en</language>
        <platform>all</platform>
        <summary>Push Strings</summary>
        <description>Русская клавиатура. Русская клавиатура открывается поверх обычной</description>
        <license>GNU GENERAL PUBLIC LICENSE Version 3, 29 June 2007</license>
    </extension>
</addon>
